{"stats":{"minecraft:mined":{"minecraft:grass_block":5,"minecraft:stone":21,"minecraft:birch_log":1,"minecraft:grass":1,"minecraft:coal_ore":2,"minecraft:oak_log":6,"minecraft:dirt":4,"minecraft:oak_leaves":13},"minecraft:killed":{"grimoireofgaia:cyan_flower":1},"minecraft:picked_up":{"sophisticatedbackpacks:gold_backpack":1,"minecraft:cocoa_beans":6,"minecraft:charcoal":16,"minecraft:iron_chestplate":1,"minecraft:wheat":189,"minecraft:chicken":14,"born_in_chaos_v1:river_mint":3,"minecraft:clay_ball":64,"born_in_chaos_v1:seedof_chaos":1,"undead_unleashed:cursed_cloth":1,"hmag:cooked_ravager_meat":4,"mysticalagriculture:coal_seeds":1,"minecraft:enchanted_book":4,"mysticalagriculture:stone_essence":20,"vampirism:pure_salt_water":1,"minecraft:brick":12,"minecraft:string":57,"hmag:ravager_meat":5,"mysticalagriculture:stone_seeds":5,"minecraft:flint_and_steel":1,"minecraft:iron_shovel":1,"takesapillage:ravager_horn":3,"butchersdelight:dead_cow":8,"minecraft:glass_pane":15,"alexsmobs:emu_feather":2,"mysticalagriculture:inferium_essence":289,"minecraft:gold_nugget":32,"minecraft:cobbled_deepslate":1,"farmersdelight:cabbage":25,"minecraft:bucket":1,"minecraft:oak_boat":1,"immersiveengineering:workbench":2,"minecraft:iron_nugget":1,"minecraft:poppy":1,"minecraft:light_gray_wool":1,"minecraft:melon_slice":9,"minecraft:sugar_cane":20,"farmersdelight:cabbage_seeds":16,"minecraft:egg":32,"minecraft:stick":73,"minecraft:stone":16,"born_in_chaos_v1:shattered_skull":1,"minecraft:torch":1,"hmag:evil_arrow":7,"born_in_chaos_v1:pileof_dark_metal":1,"mysticalagriculture:inferium_seeds":74,"werewolves:wolfsbane":1,"tombstone:grave_dust":7,"minecraft:pointed_dripstone":7,"born_in_chaos_v1:nightmare_claw":1,"born_in_chaos_v1:pieceofdarkmetal":4,"minecraft:carrot":34,"minecraft:redstone":47,"alexsmobs:centipede_leg":1,"minecraft:goat_horn":1,"minecraft:dark_oak_planks":20,"mysticalagriculture:aluminum_essence":13,"farmersdelight:fried_egg":8,"minecraft:arrow":15,"vampirism:blood_bottle":2,"butchersdelight:deadsheep":2,"minecraft:rotten_flesh":62,"grimoireofgaia:bag_book":7,"minecraft:beetroot_seeds":1,"born_in_chaos_v1:wood_splitter_axe":1,"farmersdelight:onion":61,"mysticalagriculture:prudentium_upgrade":1,"minecraft:gold_ingot":3,"minecraft:obsidian":14,"minecraft:mutton":8,"minecraft:cod":1,"minecraft:skeleton_skull":1,"minecraft:white_wool":2,"minecraft:cobblestone":46,"minecraft:birch_log":1,"vampirism:vampire_book":1,"vampirism:vampire_blood_bottle":3,"minecraft:feather":54,"born_in_chaos_v1:monster_flesh":4,"farmersdelight:rice":1,"mysticalagriculture:fertilized_essence":11,"minecraft:leather":24,"minecraft:potato":122,"minecraft:filled_map":1,"alexsmobs:bison_fur":1,"minecraft:flint":1,"werewolves:dream_catcher":1,"minecraft:oak_log":6,"evilcraft:flesh_humanoid":8,"scalinghealth:bandages":2,"minecraft:gunpowder":13,"scalinghealth:heart_crystal":4,"alexsmobs:mosquito_larva":4,"minecraft:lapis_lazuli":20,"farmersdelight:tomato":51,"minecraft:dirt":1439,"scalinghealth:medkit":2,"hmag:evil_crystal_fragment":1,"born_in_chaos_v1:monster_skin":7,"butchersdelight:deadchiken":2,"immersiveengineering:hemp_fiber":534,"minecraft:glass":1,"minecraft:bone":33,"minecraft:acacia_planks":16,"minecraft:apple":17,"mowziesmobs:umvuthana_mask_rage":1,"minecraft:wheat_seeds":600,"alexsmobs:cockroach_wing_fragment":2,"minecraft:iron_ingot":33,"minecraft:cobweb":6,"scalinghealth:power_crystal_shard":1,"minecraft:rabbit":4,"minecraft:glowstone_dust":4,"vampirism:holy_water_bottle_ultimate":1,"minecraft:iron_sword":1,"minecraft:oak_planks":52,"mysticalagriculture:wood_essence":56,"immersiveengineering:blueprint":1,"minecraft:book":101,"scalinghealth:heart_crystal_shard":3,"endrem:witch_pupil":1,"minecraft:pumpkin":9,"hmag:soul_powder":5,"minecraft:dandelion":1,"mysticalagriculture:aluminum_seeds":7,"vampirism:ring":1,"mysticalagriculture:coal_essence":1,"minecraft:dripstone_block":8,"minecraft:gravel":34,"minecraft:sand":19,"undead_unleashed:grave_metal_scrap":16,"sophisticatedbackpacks:iron_backpack":1,"minecraft:white_bed":1,"minecraft:grass_block":1,"mysticalagriculture:wood_seeds":12,"quark:oak_chest":8,"minecraft:spider_eye":1,"minecraft:diamond_shovel":2,"minecraft:sugar":64,"minecraft:diamond":1,"immersiveengineering:seed":197,"evilcraft:dark_gem":9,"minecraft:golden_apple":1,"undead_unleashed:grave_metal_axe":1,"minecraft:bread":16,"minecraft:emerald":4,"alexsmobs:maggot":2,"butchersdelight:hook":1,"minecraft:oak_sapling":1,"born_in_chaos_v1:rotten_fish":1,"minecraft:coal":240,"minecraft:ender_pearl":1},"minecraft:crafted":{"minecraft:oak_planks":7,"minecraft:crafting_table":1,"minecraft:wooden_pickaxe":1,"minecraft:stone_axe":1,"minecraft:air":17,"minecraft:stick":9,"minecraft:wooden_axe":1},"minecraft:dropped":{"minecraft:bread":1,"minecraft:iron_sword":1,"minecraft:grass_block":1,"minecraft:golden_apple":1,"minecraft:dirt":4,"scalinghealth:heart_crystal":40,"quark:oak_chest":8,"minecraft:gravel":1,"minecraft:goat_horn":1,"minecraft:cobbled_deepslate":1,"minecraft:carrot":19,"minecraft:filled_map":1,"minecraft:iron_chestplate":1,"born_in_chaos_v1:supreme_measure":2},"minecraft:custom":{"minecraft:mob_kills":2,"minecraft:interact_with_crafting_table":5,"minecraft:open_barrel":3,"minecraft:leave_game":5,"minecraft:time_since_death":294775,"minecraft:climb_one_cm":1132,"minecraft:sprint_one_cm":227304,"minecraft:walk_one_cm":137800,"minecraft:drop":28,"minecraft:play_time":294775,"minecraft:sneak_time":6223,"minecraft:walk_under_water_one_cm":6881,"minecraft:jump":1963,"minecraft:walk_on_water_one_cm":9328,"minecraft:total_world_time":294775,"minecraft:interact_with_furnace":1,"minecraft:time_since_rest":294775,"minecraft:damage_taken":40,"minecraft:damage_dealt":3263,"minecraft:swim_one_cm":4205,"minecraft:fly_one_cm":2034847,"minecraft:open_chest":58,"minecraft:crouch_one_cm":6796,"minecraft:fall_one_cm":5478},"minecraft:used":{"mysticalagriculture:imperium_pickaxe":6,"minecraft:oak_sign":1,"minecraft:iron_sword":19,"minecraft:zombie_spawn_egg":4,"minecraft:dirt":14,"scalinghealth:heart_crystal":16,"mysticalagriculture:supremium_shovel":2,"minecraft:wooden_axe":2,"minecraft:grass_block":252,"minecraft:iron_axe":3,"scalinghealth:power_crystal":1,"torchmaster:feral_flare_lantern":1,"mysticalagriculture:awakened_supremium_pickaxe":11,"torchmaster:megatorch":1,"immersiveengineering:alloybrick":1,"minecraft:cobbled_deepslate":1,"born_in_chaos_v1:lord_pumpkinheads_lamp":1,"securitycraft:reinforced_oak_planks":2,"minecraft:jungle_fence":3,"minecraft:wooden_pickaxe":16,"scalinghealth:chance_heart":3,"mysticalagriculture:supremium_pickaxe":3,"minecraft:crafting_table":1,"scalinghealth:cursed_heart":1,"minecraft:oak_log":1,"mysticalagriculture:imperium_shovel":4,"quark:monster_box":1,"minecraft:gravel":1,"graveyard:dark_iron_door":1,"minecraft:stone_axe":2,"quark:oak_chest":3}},"DataVersion":3120}