{"stats":{"minecraft:mined":{"minecraft:jungle_leaves":2,"minecraft:grass_block":676,"minecraft:spruce_fence":1,"minecraft:jungle_planks":7,"minecraft:jungle_log":94,"minecraft:hay_block":3,"minecraft:bookshelf":1,"minecraft:dirt_path":33,"minecraft:vine":32,"minecraft:stone":53,"minecraft:spruce_slab":8,"minecraft:potted_allium":1,"quark:oak_chest":1,"minecraft:brown_carpet":5,"minecraft:oak_fence":16,"minecraft:melon":10,"minecraft:poppy":1,"minecraft:spruce_stairs":1,"minecraft:purple_wool":45,"minecraft:coarse_dirt":5,"minecraft:blue_terracotta":74,"minecraft:dark_oak_slab":3,"minecraft:birch_log":1,"minecraft:purple_concrete":30,"minecraft:grass":199,"minecraft:coal_ore":2,"minecraft:oak_log":30,"minecraft:dirt":117,"minecraft:oak_leaves":116,"minecraft:fern":58},"minecraft:killed":{"born_in_chaos_v1:maggot":2,"minecraft:phantom":2,"grimoireofgaia:cyan_flower":1,"minecraft:wandering_trader":1,"minecraft:creeper":1,"grimoireofgaia:hunter":1,"minecraft:pillager":1,"minecraft:zombie":3,"takesapillage:archer":1},"minecraft:broken":{"minecraft:iron_shovel":1},"minecraft:picked_up":{"minecraft:coarse_dirt":5,"sophisticatedbackpacks:gold_backpack":1,"minecraft:cocoa_beans":24,"minecraft:charcoal":16,"minecraft:iron_chestplate":1,"minecraft:allium":1,"minecraft:wheat":190,"minecraft:flower_pot":1,"minecraft:purple_wool":45,"minecraft:chicken":14,"born_in_chaos_v1:river_mint":3,"minecraft:clay_ball":64,"born_in_chaos_v1:seedof_chaos":1,"undead_unleashed:cursed_cloth":1,"hmag:cooked_ravager_meat":4,"minecraft:lead":1,"mysticalagriculture:coal_seeds":1,"minecraft:enchanted_book":4,"mysticalagriculture:stone_essence":20,"securitycraft:reinforced_oak_planks":1,"vampirism:pure_salt_water":1,"minecraft:brick":12,"minecraft:string":57,"hmag:ravager_meat":5,"mysticalagriculture:stone_seeds":5,"minecraft:flint_and_steel":1,"minecraft:purple_banner":1,"minecraft:iron_shovel":1,"takesapillage:ravager_horn":3,"butchersdelight:dead_cow":8,"minecraft:glass_pane":15,"alexsmobs:emu_feather":2,"mysticalagriculture:inferium_essence":649,"minecraft:gold_nugget":32,"minecraft:cobbled_deepslate":1,"farmersdelight:cabbage":25,"minecraft:bucket":1,"minecraft:oak_boat":1,"minecraft:jungle_sapling":1,"immersiveengineering:workbench":2,"minecraft:spruce_slab":8,"minecraft:iron_nugget":2,"minecraft:poppy":2,"minecraft:light_gray_wool":1,"minecraft:melon_slice":41,"minecraft:sugar_cane":34,"minecraft:phantom_membrane":2,"farmersdelight:cabbage_seeds":16,"minecraft:egg":32,"minecraft:stick":82,"minecraft:stone":16,"born_in_chaos_v1:shattered_skull":1,"minecraft:oak_fence":15,"minecraft:torch":1,"minecraft:spruce_stairs":1,"minecraft:spruce_fence":1,"hmag:evil_arrow":7,"born_in_chaos_v1:pileof_dark_metal":1,"mysticalagriculture:inferium_seeds":94,"werewolves:wolfsbane":1,"tombstone:grave_dust":7,"minecraft:pointed_dripstone":7,"born_in_chaos_v1:nightmare_claw":1,"born_in_chaos_v1:pieceofdarkmetal":4,"minecraft:carrot":34,"minecraft:redstone":47,"alexsmobs:centipede_leg":1,"minecraft:goat_horn":1,"minecraft:dark_oak_planks":20,"minecraft:brown_carpet":5,"mysticalagriculture:aluminum_essence":13,"farmersdelight:fried_egg":8,"minecraft:arrow":15,"vampirism:blood_bottle":2,"butchersdelight:deadsheep":2,"minecraft:rotten_flesh":64,"grimoireofgaia:bag_book":7,"minecraft:beetroot_seeds":3,"born_in_chaos_v1:wood_splitter_axe":1,"farmersdelight:onion":61,"minecraft:hay_block":3,"mysticalagriculture:prudentium_upgrade":1,"minecraft:gold_ingot":3,"minecraft:obsidian":14,"minecraft:mutton":8,"minecraft:cod":1,"minecraft:skeleton_skull":1,"minecraft:white_wool":2,"minecraft:cobblestone":78,"minecraft:birch_log":1,"vampirism:vampire_book":1,"vampirism:vampire_blood_bottle":3,"minecraft:feather":54,"born_in_chaos_v1:monster_flesh":4,"farmersdelight:rice":3,"mysticalagriculture:fertilized_essence":13,"minecraft:jungle_log":94,"minecraft:leather":24,"minecraft:potato":122,"minecraft:filled_map":1,"alexsmobs:bison_fur":1,"minecraft:flint":1,"werewolves:dream_catcher":1,"minecraft:oak_log":30,"evilcraft:flesh_humanoid":8,"scalinghealth:bandages":2,"minecraft:gunpowder":15,"scalinghealth:heart_crystal":4,"alexsmobs:mosquito_larva":4,"minecraft:lapis_lazuli":20,"farmersdelight:tomato":51,"minecraft:dirt":2245,"scalinghealth:medkit":2,"hmag:evil_crystal_fragment":1,"born_in_chaos_v1:monster_skin":7,"butchersdelight:deadchiken":2,"immersiveengineering:hemp_fiber":1020,"minecraft:glass":1,"minecraft:bone":33,"minecraft:acacia_planks":16,"minecraft:apple":17,"mowziesmobs:umvuthana_mask_rage":1,"minecraft:wheat_seeds":1200,"alexsmobs:cockroach_wing_fragment":2,"minecraft:iron_ingot":36,"minecraft:cobweb":6,"scalinghealth:power_crystal_shard":5,"minecraft:rabbit":4,"minecraft:glowstone_dust":4,"vampirism:holy_water_bottle_ultimate":1,"minecraft:iron_sword":1,"minecraft:oak_planks":53,"mysticalagriculture:wood_essence":132,"minecraft:purple_concrete":30,"immersiveengineering:blueprint":1,"minecraft:book":104,"scalinghealth:heart_crystal_shard":3,"endrem:witch_pupil":1,"minecraft:dark_oak_slab":3,"minecraft:pumpkin":9,"hmag:soul_powder":5,"minecraft:dandelion":1,"mysticalagriculture:aluminum_seeds":7,"vampirism:ring":1,"mysticalagriculture:coal_essence":1,"minecraft:dripstone_block":8,"minecraft:gravel":34,"minecraft:jungle_planks":6,"minecraft:sand":19,"undead_unleashed:grave_metal_scrap":16,"sophisticatedbackpacks:iron_backpack":1,"minecraft:white_bed":1,"minecraft:grass_block":1,"mysticalagriculture:wood_seeds":12,"quark:oak_chest":9,"minecraft:spider_eye":1,"minecraft:diamond_shovel":2,"minecraft:blue_terracotta":74,"minecraft:sugar":64,"minecraft:diamond":1,"immersiveengineering:seed":355,"evilcraft:dark_gem":9,"grimoireofgaia:rotten_heart":1,"minecraft:golden_apple":1,"undead_unleashed:grave_metal_axe":1,"butchersdelight:deadllama":2,"minecraft:bread":19,"minecraft:emerald":4,"alexsmobs:maggot":2,"butchersdelight:hook":1,"minecraft:oak_sapling":14,"born_in_chaos_v1:rotten_fish":1,"minecraft:coal":240,"minecraft:ender_pearl":1},"minecraft:crafted":{"minecraft:raw_iron":8,"minecraft:oak_planks":79,"minecraft:coal":6,"minecraft:furnace":4,"minecraft:iron_hoe":1,"minecraft:jungle_fence":57,"minecraft:crafting_table":2,"minecraft:wooden_pickaxe":1,"minecraft:stone_axe":1,"minecraft:air":433,"minecraft:jungle_planks":66,"minecraft:stick":105,"quark:oak_chest":2,"minecraft:iron_ingot":6,"minecraft:wooden_axe":1,"minecraft:iron_shovel":1,"minecraft:shears":1},"minecraft:dropped":{"minecraft:iron_ingot":3,"minecraft:bread":4,"minecraft:iron_sword":1,"minecraft:wheat_seeds":192,"minecraft:grass_block":1,"minecraft:golden_apple":1,"farmersdelight:rice":1,"minecraft:dirt":6,"minecraft:sponge":1,"scalinghealth:heart_crystal":40,"minecraft:phantom_membrane":1,"quark:oak_chest":8,"minecraft:gravel":1,"minecraft:goat_horn":1,"minecraft:sugar_cane":7,"minecraft:cocoa_beans":6,"minecraft:cobbled_deepslate":1,"mysticalagriculture:wood_essence":38,"minecraft:carrot":19,"minecraft:filled_map":1,"minecraft:iron_chestplate":1,"mysticalagriculture:inferium_essence":107,"minecraft:beetroot_seeds":1,"minecraft:oak_sapling":6,"born_in_chaos_v1:supreme_measure":2,"immersiveengineering:seed":64,"immersiveengineering:hemp_fiber":192},"minecraft:custom":{"minecraft:mob_kills":14,"minecraft:interact_with_crafting_table":17,"minecraft:open_barrel":5,"minecraft:leave_game":5,"minecraft:time_since_death":359132,"minecraft:climb_one_cm":6023,"minecraft:sprint_one_cm":363375,"minecraft:walk_one_cm":322223,"minecraft:damage_blocked_by_shield":133,"minecraft:drop":52,"minecraft:talked_to_villager":1,"minecraft:play_time":359132,"minecraft:sneak_time":9278,"minecraft:walk_under_water_one_cm":9206,"minecraft:jump":2972,"minecraft:walk_on_water_one_cm":10480,"minecraft:total_world_time":359132,"minecraft:interact_with_furnace":11,"tombstone:raider_killed":4,"minecraft:sleep_in_bed":1,"minecraft:time_since_rest":49416,"minecraft:damage_taken":1301,"minecraft:damage_dealt":8299,"minecraft:swim_one_cm":6643,"minecraft:fly_one_cm":2374412,"minecraft:open_chest":93,"minecraft:crouch_one_cm":14023,"tombstone:undead_killed":5,"tombstone:villager_killed":1,"minecraft:fall_one_cm":24050},"minecraft:used":{"mysticalagriculture:imperium_pickaxe":6,"minecraft:iron_shovel":875,"minecraft:oak_sign":1,"minecraft:shield":2,"minecraft:iron_sword":67,"minecraft:zombie_spawn_egg":4,"minecraft:dirt":438,"scalinghealth:heart_crystal":16,"minecraft:jungle_planks":181,"mysticalagriculture:supremium_shovel":2,"minecraft:iron_hoe":98,"minecraft:wooden_axe":2,"minecraft:grass_block":252,"minecraft:iron_axe":210,"scalinghealth:power_crystal":1,"torchmaster:feral_flare_lantern":1,"minecraft:furnace":4,"mysticalagriculture:awakened_supremium_pickaxe":11,"torchmaster:megatorch":1,"immersiveengineering:alloybrick":1,"minecraft:cobbled_deepslate":1,"born_in_chaos_v1:lord_pumpkinheads_lamp":1,"securitycraft:reinforced_oak_planks":2,"minecraft:oak_planks":1,"minecraft:jungle_fence":79,"minecraft:wooden_pickaxe":16,"scalinghealth:chance_heart":3,"mysticalagriculture:supremium_pickaxe":3,"minecraft:sand":8,"minecraft:crafting_table":2,"scalinghealth:cursed_heart":1,"securitycraft:universal_block_remover":1,"minecraft:shears":45,"minecraft:oak_log":1,"mysticalagriculture:imperium_shovel":4,"quark:monster_box":1,"minecraft:bread":12,"minecraft:iron_pickaxe":143,"grimoireofgaia:rotten_heart":1,"minecraft:gravel":1,"graveyard:dark_iron_door":1,"minecraft:stone_axe":2,"quark:oak_chest":14}},"DataVersion":3120}