{"stats":{"minecraft:mined":{"thermal:deepslate_tin_ore":9,"minecraft:large_amethyst_bud":2,"create:deepslate_zinc_ore":15,"thermal:sulfur_ore":9,"thermal:tin_ore":7,"mowziesmobs:clawed_log":1,"minecraft:brewing_stand":1,"minecraft:obsidian":4,"minecraft:granite":3,"minecraft:budding_amethyst":12,"minecraft:acacia_log":79,"minecraft:grass_block":341,"mysticalagriculture:inferium_ore":3,"minecraft:spawner":1,"minecraft:magma_block":2,"minecraft:iron_ore":66,"minecraft:cobbled_deepslate":10,"minecraft:barrel":2,"minecraft:anvil":2,"minecraft:deepslate_lapis_ore":1,"minecraft:fletching_table":1,"create:asurine":18,"scalinghealth:deepslate_power_crystal_ore":3,"minecraft:iron_bars":13,"quark:warped_chest":4,"immersiveengineering:ore_lead":15,"create:veridium":56,"create:limestone":3,"minecraft:deepslate_redstone_ore":18,"minecraft:smoker":1,"minecraft:amethyst_cluster":5,"undead_unleashed:ancient_dirt":7,"thermal:lead_ore":4,"minecraft:clay":11,"minecraft:torch":20,"undead_unleashed:grave_soil":6,"minecraft:calcite":3,"minecraft:poppy":1,"minecraft:cobblestone":15,"thermal:deepslate_lead_ore":15,"minecraft:wall_torch":16,"minecraft:amethyst_block":67,"minecraft:skeleton_skull":1,"evilcraft:dark_ore_deepslate":4,"minecraft:wheat":1,"immersiveengineering:deepslate_ore_lead":10,"minecraft:tnt":1,"thermal:niter_ore":2,"minecraft:grass":54,"minecraft:acacia_fence":19,"minecraft:sand":207,"minecraft:dirt":288,"thermal:nickel_ore":9,"mysticalagriculture:deepslate_prosperity_ore":2,"minecraft:smooth_basalt":1,"create:crimsite":19,"minecraft:oak_leaves":4,"mysticalagriculture:deepslate_inferium_ore":25,"werewolves:silver_ore":20,"minecraft:deepslate":168,"create:zinc_ore":15,"mysticalagriculture:prosperity_ore":15,"minecraft:tuff":14,"minecraft:mossy_cobblestone":3,"minecraft:candle":1,"minecraft:deepslate_diamond_ore":2,"quark:grate":6,"minecraft:glow_lichen":1,"minecraft:stripped_jungle_wood":7,"thermal:deepslate_nickel_ore":16,"minecraft:cartography_table":1,"minecraft:hay_block":3,"minecraft:redstone_ore":11,"minecraft:heavy_weighted_pressure_plate":3,"minecraft:furnace":1,"minecraft:acacia_stairs":1,"minecraft:andesite":25,"evilcraft:dark_ore":2,"minecraft:deepslate_iron_ore":33,"minecraft:wet_sponge":5,"minecraft:stone":166,"minecraft:acacia_leaves":15,"minecraft:crafting_table":4,"minecraft:lectern":1,"minecraft:campfire":5,"minecraft:tall_grass":6,"minecraft:copper_ore":4,"minecraft:deepslate_gold_ore":51,"minecraft:diorite":22,"minecraft:birch_planks":2,"farmersdelight:skillet":3,"minecraft:gray_bed":1,"minecraft:jungle_fence":15,"thermal:deepslate_silver_ore":20,"minecraft:yellow_bed":1,"minecraft:red_wall_banner":1,"thermal:silver_ore":3,"minecraft:coal_ore":12,"evilcraft:blood_stain":1,"werewolves:deepslate_silver_ore":13,"vampirism:fire_place":3,"minecraft:gravel":32,"thermal:deepslate_niter_ore":2,"minecraft:acacia_planks":6,"minecraft:gold_ore":15,"minecraft:iron_trapdoor":6,"thermal:deepslate_sulfur_ore":1,"minecraft:fern":1},"minecraft:killed_by":{"minecraft:witch":1,"minecraft:player":1},"minecraft:killed":{"vampirism:vampire":4,"vampirism:advanced_vampire":1,"born_in_chaos_v1:restless_spirit":1,"minecraft:spider":3,"grimoireofgaia:goblin":2,"minecraft:skeleton":8,"grimoireofgaia:mimic":1,"alexsmobs:capuchin_monkey":1,"thermal:blitz":2,"artifacts:mimic":2,"minecraft:zombie_villager":1,"grimoireofgaia:bone_knight":2,"minecraft:creeper":1,"hmag:dyssomnia":1,"minecraft:zombie":11,"undead_unleashed:shadewraith":1,"born_in_chaos_v1:dread_hound":6,"born_in_chaos_v1:corpse_fly":9,"born_in_chaos_v1:zombie_bruiser":2,"born_in_chaos_v1:maggot":5,"minecraft:phantom":4,"born_in_chaos_v1:dire_hound_leader":1,"hmag:zombie_girl":1,"born_in_chaos_v1:corpse_fish":4,"mowziesmobs:umvuthana":1,"hmag:ghost":1,"born_in_chaos_v1:swarmer":1,"born_in_chaos_v1:spirit_guide_assistant":1,"hmag:kobold":1,"grimoireofgaia:werecat":2},"minecraft:broken":{"mowziesmobs:umvuthana_mask_faith":1,"minecraft:wooden_shovel":2,"minecraft:wooden_axe":2,"minecraft:shield":2,"minecraft:golden_axe":1},"minecraft:picked_up":{"minecraft:wheat":5,"minecraft:iron_trapdoor":6,"minecraft:anvil":2,"undead_unleashed:cursed_cloth":1,"artifacts:bunny_hoppers":1,"minecraft:lead":2,"minecraft:brewing_stand":1,"vampirism:pure_salt_water":1,"minecraft:amethyst_block":64,"vampirism:holy_water_bottle_normal":2,"minecraft:string":2,"minecraft:raw_copper":20,"create:limestone":3,"securitycraft:reinforced_dirt":183,"thermal:sulfur":39,"immersiveengineering:raw_lead":26,"mysticalagriculture:inferium_essence":97,"minecraft:tnt_minecart":1,"minecraft:gold_nugget":12,"minecraft:cobbled_deepslate":156,"undead_unleashed:grave_metal_sword":1,"hmag:bat_wing":1,"minecraft:calcite":3,"minecraft:furnace":1,"minecraft:stick":2,"minecraft:acacia_fence":19,"mowziesmobs:sol_visage":1,"thermal:raw_lead":19,"minecraft:torch":61,"minecraft:acacia_log":77,"mysticalagriculture:prosperity_shard":38,"werewolves:liver":1,"minecraft:diorite":4,"tombstone:grave_dust":4,"vampirism:vampire_fang":4,"vampirism:blood_bottle":1,"minecraft:rotten_flesh":34,"artifacts:villager_hat":1,"create:asurine":20,"create:veridium":54,"minecraft:obsidian":4,"minecraft:iron_bars":56,"minecraft:cod":1,"minecraft:cobblestone":147,"minecraft:sponge":1,"minecraft:feather":2,"securitycraft:reinforced_acacia_log":18,"minecraft:andesite":13,"minecraft:smoker":1,"quark:warped_chest":4,"minecraft:flint":4,"minecraft:tuff":12,"create:raw_zinc":30,"minecraft:lapis_lazuli":15,"minecraft:dirt":614,"born_in_chaos_v1:monster_skin":3,"minecraft:bone":24,"minecraft:acacia_planks":5,"securitycraft:reinforced_acacia_planks":39,"minecraft:bow":2,"minecraft:wheat_seeds":39,"minecraft:raw_gold":66,"minecraft:fletching_table":1,"thermal:raw_tin":16,"hmag:soul_powder":1,"vampirism:ring":3,"minecraft:sand":198,"minecraft:acacia_stairs":1,"hmag:kobold_leather":1,"minecraft:barrel":2,"minecraft:mossy_cobblestone":2,"minecraft:bundle":2,"create:crimsite":19,"minecraft:diamond":2,"hmag:dyssomnia_skin":1,"minecraft:granite":3,"born_in_chaos_v1:rotten_fish":3,"minecraft:oak_sapling":1,"minecraft:charcoal":10,"minecraft:crafting_table":4,"minecraft:clay_ball":44,"thermal:raw_silver":22,"minecraft:wooden_pickaxe":1,"minecraft:heavy_weighted_pressure_plate":3,"thermal:raw_nickel":25,"minecraft:cartography_table":1,"minecraft:candle":2,"thermal:niter":8,"minecraft:iron_nugget":6,"minecraft:poppy":2,"minecraft:lectern":1,"minecraft:raw_iron":110,"grimoireofgaia:meat":3,"securitycraft:reinforced_diorite":2,"werewolves:raw_silver":33,"securitycraft:reinforced_iron_bars":48,"minecraft:carrot":1,"minecraft:redstone":137,"minecraft:tnt":1,"minecraft:arrow":12,"minecraft:hay_block":3,"securitycraft:reinforced_stone_bricks":198,"tombstone:essence_of_undeath":1,"minecraft:skeleton_skull":1,"minecraft:white_wool":1,"minecraft:wet_sponge":5,"born_in_chaos_v1:corpse_maggot":13,"vampirism:vampire_blood_bottle":4,"born_in_chaos_v1:monster_flesh":11,"minecraft:glow_ink_sac":4,"minecraft:salmon":1,"minecraft:jungle_fence":15,"minecraft:birch_planks":2,"minecraft:oak_log":2,"minecraft:yellow_bed":2,"minecraft:gunpowder":1,"scalinghealth:heart_crystal":4,"farmersdelight:skillet":3,"securitycraft:reinforced_glass":172,"scalinghealth:medkit":1,"butchersdelight:deadchiken":1,"mowziesmobs:umvuthana_mask_rage":1,"minecraft:iron_ingot":2,"scalinghealth:power_crystal_shard":3,"vampirism:holy_water_bottle_ultimate":1,"minecraft:gray_bed":1,"minecraft:acacia_sapling":1,"minecraft:smooth_basalt":1,"mowziesmobs:clawed_log":1,"vampirism:fire_place":3,"born_in_chaos_v1:ethereal_spirit":1,"quark:grate":6,"minecraft:gravel":28,"minecraft:amethyst_shard":36,"undead_unleashed:grave_metal_scrap":19,"minecraft:red_banner":1,"minecraft:spider_eye":1,"securitycraft:reinforced_grass_block":5,"minecraft:slime_ball":1,"immersiveengineering:seed":18,"evilcraft:dark_gem":28,"minecraft:stripped_jungle_wood":7,"mowziesmobs:umvuthana_mask_fear":1,"tombstone:magic_scroll":1,"minecraft:coal":58},"minecraft:dropped":{"minecraft:dirt":7,"minecraft:iron_nugget":2,"minecraft:cobbled_deepslate":7,"minecraft:stripped_jungle_wood":7,"minecraft:mossy_cobblestone":1,"minecraft:torch":19,"butchersdelight:deadchiken":1,"minecraft:bundle":1,"minecraft:yellow_bed":1,"minecraft:bow":1,"minecraft:stone_pickaxe":1,"minecraft:wooden_pickaxe":1},"minecraft:crafted":{"immersiveengineering:hammer":1,"minecraft:diamond_shovel":2,"minecraft:heavy_weighted_pressure_plate":1,"minecraft:iron_bars":48,"minecraft:glass":170,"minecraft:diamond_helmet":1,"minecraft:diamond_leggings":1,"immersiveengineering:ingot_lead":37,"minecraft:acacia_fence":60,"minecraft:item_frame":1,"minecraft:wooden_shovel":2,"minecraft:diamond_axe":1,"minecraft:crafting_table":2,"minecraft:glow_item_frame":1,"minecraft:wooden_pickaxe":1,"minecraft:copper_ingot":84,"minecraft:hay_block":5,"minecraft:campfire":5,"thermal:nickel_ingot":38,"minecraft:shield":2,"minecraft:stick":21,"minecraft:iron_ingot":303,"minecraft:gold_ingot":90,"minecraft:sponge":3,"thermal:tin_ingot":16,"minecraft:shears":1,"mysticalagriculture:inferium_furnace":1,"minecraft:coal":6,"minecraft:fishing_rod":1,"minecraft:iron_nugget":7,"minecraft:spyglass":1,"securitycraft:electrified_iron_fence":57,"minecraft:furnace":3,"minecraft:bone_meal":20,"quark:grate":3,"minecraft:diamond":36,"mysticalagriculture:inferium_block":13,"vampirism:altar_infusion":1,"thermal:silver_ingot":18,"securitycraft:universal_block_remover":1,"minecraft:iron_hoe":1,"born_in_chaos_v1:fried_maggot":13,"minecraft:stone_pickaxe":1,"minecraft:diamond_boots":1,"immersiveengineering:ingot_uranium":5,"minecraft:diamond_sword":1,"minecraft:iron_trapdoor":1,"create:goggles":1,"werewolves:silver_ingot":24,"minecraft:bucket":1,"minecraft:acacia_stairs":12,"immersiveengineering:plate_gold":1,"minecraft:air":448,"thermal:lead_ingot":23,"minecraft:wooden_axe":2,"minecraft:anvil":1,"minecraft:acacia_planks":83,"create:zinc_ingot":30,"minecraft:diamond_chestplate":1},"minecraft:custom":{"minecraft:interact_with_crafting_table":62,"minecraft:open_barrel":38,"minecraft:leave_game":3,"minecraft:time_since_death":40742,"minecraft:damage_resisted":3,"minecraft:sprint_one_cm":756261,"minecraft:damage_blocked_by_shield":5353,"minecraft:drop":20,"minecraft:talked_to_villager":2,"minecraft:play_time":412383,"minecraft:deaths":2,"minecraft:jump":2835,"minecraft:interact_with_brewingstand":3,"minecraft:walk_on_water_one_cm":92398,"minecraft:interact_with_furnace":98,"minecraft:interact_with_cartography_table":2,"minecraft:sleep_in_bed":1,"minecraft:damage_dealt":26975,"minecraft:crouch_one_cm":108158,"tombstone:undead_killed":34,"minecraft:interact_with_smoker":5,"minecraft:horse_one_cm":103749,"minecraft:interact_with_smithing_table":1,"minecraft:interact_with_anvil":2,"minecraft:mob_kills":80,"minecraft:damage_dealt_resisted":456,"minecraft:climb_one_cm":892,"minecraft:walk_one_cm":1088843,"minecraft:sneak_time":36850,"minecraft:walk_under_water_one_cm":137972,"minecraft:total_world_time":412383,"tombstone:raider_killed":4,"minecraft:time_since_rest":38343,"minecraft:damage_taken":7380,"minecraft:damage_absorbed":79,"minecraft:trigger_trapped_chest":1,"minecraft:fly_one_cm":563623,"minecraft:swim_one_cm":61866,"minecraft:open_chest":274,"minecraft:fish_caught":2,"minecraft:fall_one_cm":82301},"minecraft:used":{"securitycraft:reinforced_acacia_log":3,"quark:grate":9,"immersiveengineering:seed":6,"vampirism:altar_infusion":1,"minecraft:shield":77,"minecraft:carrot":1,"minecraft:grass_block":2,"minecraft:wet_sponge":2,"minecraft:hay_block":8,"minecraft:furnace":3,"minecraft:gray_bed":1,"minecraft:acacia_fence":39,"minecraft:skeleton_skull":1,"securitycraft:electrified_iron_fence":56,"minecraft:diorite":46,"minecraft:stone_pickaxe":2,"minecraft:jungle_fence":4,"create:crimsite":19,"minecraft:wooden_pickaxe":34,"minecraft:diamond_axe":2,"quark:warped_chest":4,"minecraft:golden_apple":2,"minecraft:sand":10,"securitycraft:universal_block_remover":48,"minecraft:sponge":2,"farmersdelight:rice":4,"securitycraft:reinforced_grass_block":4,"minecraft:heavy_weighted_pressure_plate":3,"minecraft:lectern":1,"minecraft:gravel":13,"create:asurine":7,"minecraft:diamond_sword":541,"minecraft:andesite":11,"minecraft:bone_meal":42,"minecraft:iron_bars":18,"minecraft:acacia_log":187,"securitycraft:reinforced_acacia_planks":39,"farmersdelight:rich_soil":3,"minecraft:wooden_shovel":125,"minecraft:torch":133,"minecraft:brewing_stand":1,"minecraft:dirt":583,"minecraft:spyglass":8,"minecraft:anvil":3,"scalinghealth:heart_crystal":4,"securitycraft:reinforced_dirt":158,"minecraft:iron_hoe":196,"minecraft:wooden_axe":127,"minecraft:barrel":2,"minecraft:iron_trapdoor":6,"securitycraft:reinforced_glass":132,"tombstone:gift":3,"minecraft:acacia_planks":168,"minecraft:cobbled_deepslate":71,"minecraft:golden_axe":33,"minecraft:calcite":2,"minecraft:wheat_seeds":182,"minecraft:cooked_mutton":23,"vampirism:fire_place":3,"minecraft:water_bucket":31,"farmersdelight:skillet":8,"minecraft:birch_planks":2,"minecraft:cartography_table":1,"mysticalagriculture:inferium_furnace":1,"minecraft:fletching_table":1,"minecraft:horse_spawn_egg":1,"minecraft:glow_item_frame":1,"securitycraft:reinforced_stone_bricks":170,"minecraft:crafting_table":6,"minecraft:campfire":5,"minecraft:smoker":1,"minecraft:acacia_stairs":11,"minecraft:diamond_pickaxe":1103,"minecraft:diamond_shovel":587,"werewolves:liver":1,"scalinghealth:medkit":1,"minecraft:fishing_rod":2,"minecraft:cobblestone":47,"minecraft:bucket":31,"minecraft:yellow_bed":1,"alexsmobs:animal_dictionary":1,"minecraft:candle":2}},"DataVersion":3120}