{"stats":{"minecraft:broken":{"minecraft:iron_boots":2,"minecraft:iron_chestplate":4,"minecraft:iron_leggings":1,"undead_unleashed:grave_metal_leggings":1,"minecraft:chainmail_leggings":1,"minecraft:leather_leggings":1,"minecraft:golden_leggings":1,"minecraft:golden_chestplate":1,"create:sand_paper":4},"minecraft:dropped":{"butchersdelight:dead_cow":1,"minecraft:lapis_lazuli":5,"minecraft:glass_bottle":4,"minecraft:crossbow":1,"minecraft:weeping_vines":1,"create:cogwheel":2,"minecraft:cracked_stone_bricks":1,"undead_unleashed:grave_metal_scrap":5,"minecraft:rail":8,"minecraft:leather_helmet":1,"minecraft:gold_block":128,"born_in_chaos_v1:monster_flesh":1,"minecraft:dirt":593,"minecraft:raw_copper_block":55,"mowziesmobs:umvuthana_mask_bliss":3,"minecraft:chain":1,"minecraft:gold_nugget":33,"minecraft:phantom_membrane":21,"minecraft:bone_meal":8,"minecraft:sand":712,"mysticalagriculture:soulstone_cobble":32,"minecraft:white_wool":2,"quark:oak_chest":1,"minecraft:bone":14,"mowziesmobs:umvuthana_mask_rage":3,"minecraft:iron_nugget":49,"minecraft:detector_rail":4,"minecraft:cobbled_deepslate":14,"minecraft:nether_brick":2,"minecraft:wheat":1153,"butchersdelight:cleaver":1,"minecraft:obsidian":1,"werewolves:raw_silver":1,"minecraft:rotten_flesh":125,"minecraft:oak_planks":1,"minecraft:glowstone_dust":2,"undead_unleashed:ashthorn":2,"minecraft:azure_bluet":2,"minecraft:salmon":1,"evilcraft:flesh_humanoid":1,"minecraft:tipped_arrow":1,"securitycraft:reinforced_oak_planks":1,"vampirism:vampire_blood_bottle":5,"vampirism:vampire_fang":14,"mysticalagriculture:inferium_essence":94,"minecraft:quartz_block":31,"minecraft:hopper":4,"farmersdelight:rope":12,"minecraft:leather_leggings":1,"minecraft:red_nether_bricks":13,"minecraft:beef":1,"grimoireofgaia:meat":9,"vampirism:pure_salt_water":1,"mysticalagriculture:supremium_pickaxe":2,"farmersdelight:tomato_seeds":1,"minecraft:egg":1,"create:mechanical_mixer":2,"minecraft:iron_ingot":1,"minecraft:wheat_seeds":18,"evilcraft:condensed_blood":29,"minecraft:dripstone_block":64,"minecraft:feather":14,"minecraft:oak_fence":37,"goblins:goblin_rotten_meat":2,"minecraft:book":8,"minecraft:cobblestone":3653,"mowziesmobs:umvuthana_mask_fear":3,"minecraft:apple":436,"minecraft:granite":1,"minecraft:coal":9,"grimoireofgaia:rotten_heart":1,"minecraft:oxeye_daisy":6,"mowziesmobs:sol_visage":1,"born_in_chaos_v1:black_argillite":2,"minecraft:white_banner":1,"minecraft:paper":8,"minecraft:string":13,"minecraft:iron_shovel":2,"vampirism:ring":2,"butchersdelight:deadpig":2,"minecraft:stone_sword":3,"minecraft:cocoa_beans":3,"minecraft:chicken":1,"minecraft:clay_ball":461,"securitycraft:reinforced_cobblestone":2,"minecraft:stone":4,"alexsmobs:cockroach_wing_fragment":3,"minecraft:bundle":2,"minecraft:stone_bricks":2,"minecraft:spider_eye":41,"minecraft:bow":3,"minecraft:magma_block":1,"scalinghealth:bandages":1,"minecraft:oak_log":2510,"mowziesmobs:umvuthana_mask_faith":2,"minecraft:leather":10,"minecraft:iron_horse_armor":1,"born_in_chaos_v1:pileof_dark_metal":2,"minecraft:flint":2488,"minecraft:mutton":4,"eatanomelette:enchanted_spanish_potato_omelette":6,"minecraft:snowball":48,"minecraft:gold_ingot":141,"minecraft:gravel":1936,"born_in_chaos_v1:fire_dust":1,"vampirism:holy_water_bottle_normal":4,"minecraft:pointed_dripstone":13,"vampirism:blood_bottle":1,"mysticalagriculture:wood_essence":70,"mysticalagriculture:supremium_sword":2,"hmag:randomberry":8,"eatanomelette:golden_omelette":4,"minecraft:chiseled_stone_bricks":2,"minecraft:poppy":1,"minecraft:gunpowder":18,"minecraft:beetroot_seeds":5,"born_in_chaos_v1:corpse_maggot":13,"born_in_chaos_v1:diamond_termite_shard":5,"vampirism:hunter_axe_ultimate":1,"minecraft:basalt":42,"minecraft:arrow":31,"minecraft:netherrack":54,"minecraft:quartz":3,"immersiveengineering:seed":18,"mowziesmobs:umvuthana_mask_fury":3,"minecraft:bread":170,"minecraft:water_bucket":208,"minecraft:lilac":1,"scalinghealth:cursed_heart":1,"create:chute":2,"evilcraft:dark_gem":65,"minecraft:stick":15,"securitycraft:reinforced_dark_oak_planks":16,"evilcraft:blood_extractor":1,"minecraft:diorite":1,"born_in_chaos_v1:river_mint":1,"minecraft:torch":5,"werewolves:cracked_bone":1,"minecraft:fire_charge":1,"tombstone:grave_dust":35,"mysticalagriculture:prosperity_shard":256,"minecraft:bucket":4,"minecraft:redstone_block":32,"minecraft:dandelion":2,"farmersdelight:wheat_dough":366,"minecraft:redstone":68,"butchersdelight:deadchiken":1,"evilcraft:dark_stick":5,"minecraft:kelp":11,"alexsmobs:maggot":1,"minecraft:oak_trapdoor":1,"minecraft:raw_copper":114,"mysticalagriculture:coal_essence":2,"minecraft:tuff":3,"vampirism:holy_water_bottle_ultimate":1,"minecraft:raw_iron":1,"minecraft:stripped_oak_log":4,"hmag:lemon":2,"grimoireofgaia:bone_shield":1,"minecraft:copper_ore":4,"securitycraft:reinforced_grass_block":16,"mowziesmobs:umvuthana_mask_misery":1,"minecraft:andesite":2,"minecraft:mossy_stone_bricks":3,"minecraft:oak_sapling":664,"minecraft:stone_pickaxe":2,"securitycraft:universal_block_reinforcer_lvl1":12,"minecraft:brick":1},"minecraft:used":{"minecraft:nether_brick_fence":2,"create:deployer":25,"minecraft:stone":30,"minecraft:red_nether_brick_stairs":1,"minecraft:rotten_flesh":2,"create:fluid_tank":37,"create:white_sail":73,"mysticalagriculture:supremium_shovel":11749,"create:mechanical_crafter":56,"create:depot":17,"minecraft:snowball":9,"minecraft:lava_bucket":156,"minecraft:grass_block":3,"minecraft:quartz_block":2,"minecraft:dark_oak_slab":2,"create:rotation_speed_controller":8,"minecraft:bow":11,"create:shaft":243,"create:steam_engine":5,"minecraft:oak_sapling":24,"minecraft:egg":1,"mowziesmobs:foliaath_seed":3,"mysticalagriculture:supremium_sword":1421,"minecraft:diorite":14,"securitycraft:reinforced_sand":1,"minecraft:blackstone":171,"minecraft:oak_leaves":1,"create:spout":2,"minecraft:sand":15,"evilcraft:undead_sapling":1,"scalinghealth:cursed_heart":2,"securitycraft:universal_block_remover":853,"mysticalagriculture:imperium_furnace":1,"scalinghealth:enchanted_heart":2,"minecraft:oak_pressure_plate":6,"sons_of_sins:flesh_of_demise":2,"create:basin":18,"mysticalagriculture:tertium_furnace":1,"mysticalagriculture:wood_seeds":26,"minecraft:oak_trapdoor":21,"minecraft:dead_bush":1,"create:schematic_table":1,"minecraft:netherrack":1204,"minecraft:torch":188,"minecraft:brewing_stand":2,"minecraft:nether_brick_slab":1,"securitycraft:reinforced_dirt":4,"create:wrench":770,"create:gearbox":54,"minecraft:iron_block":1,"undead_unleashed:grave_metal_helmet":1,"minecraft:diamond_chestplate":1,"create:encased_chain_drive":33,"minecraft:basalt":605,"minecraft:purple_concrete":2,"tombstone:gift":7,"create:fluid_pipe":84,"minecraft:cobbled_deepslate":7,"securitycraft:reinforced_dark_oak_planks":2,"create:belt_connector":95,"minecraft:pointed_dripstone":57,"minecraft:water_bucket":76,"vampirism:altar_inspiration":1,"securitycraft:reinforced_oak_planks":121,"create:brass_tunnel":10,"minecraft:cauldron":57,"create:blaze_burner":27,"minecraft:rail":2,"create:encased_fan":10,"minecraft:oak_slab":5,"minecraft:crafting_table":4,"minecraft:campfire":9,"quark:glass_item_frame":2,"minecraft:oak_log":186,"mysticalagriculture:soulstone_cobble":5,"minecraft:oak_button":4,"immersiveengineering:lantern":1,"create:water_wheel":2,"werewolves:liver":1,"scalinghealth:medkit":1,"enchantinginfuser:enchanting_infuser":1,"minecraft:potion":2,"minecraft:cobblestone":838,"evilcraft:dark_tank":19,"minecraft:stripped_oak_log":66,"quark:oak_chest":91,"minecraft:kelp":267,"minecraft:blue_terracotta":2,"born_in_chaos_v1:intoxicating_decoction":2,"create:portable_storage_interface":2,"create:mechanical_bearing":4,"create:minecart_contraption":2,"vampirism:coffin_white":2,"create:cogwheel":462,"minecraft:nether_bricks":28,"minecraft:carrot":1,"enchantinginfuser:advanced_enchanting_infuser":3,"minecraft:obsidian":62,"minecraft:glass":21,"create:millstone":21,"minecraft:stone_bricks":120,"minecraft:item_frame":2,"farmersdelight:cutting_board":1,"minecraft:magma_block":15,"create:mechanical_drill":22,"minecraft:gold_block":2,"grimoireofgaia:meat":3,"minecraft:dark_oak_stairs":1,"minecraft:diamond_boots":1,"create:crushing_wheel":22,"minecraft:wither_skeleton_skull":1,"minecraft:oak_planks":74,"minecraft:sugar_cane":22,"create:mechanical_saw":4,"undead_unleashed:grave_metal_leggings":1,"minecraft:white_wool":6,"minecraft:dripstone_block":65,"minecraft:shears":9,"minecraft:lever":16,"securitycraft:reinforced_grass_block":184,"minecraft:bread":590,"create:andesite_casing":5,"minecraft:iron_door":1,"minecraft:gravel":169,"minecraft:chainmail_boots":1,"minecraft:andesite":52,"create:vertical_gearbox":58,"minecraft:bone_meal":102,"create:large_cogwheel":92,"minecraft:oak_fence":316,"minecraft:flint_and_steel":4,"create:item_vault":17,"minecraft:redstone":3,"minecraft:dried_kelp":1,"create:mechanical_pump":9,"minecraft:dirt":1807,"scalinghealth:heart_crystal":97,"create:mechanical_mixer":17,"minecraft:hopper":2,"minecraft:spruce_stairs":2,"minecraft:golden_chestplate":1,"evilcraft:undead_log":2,"create:chute":18,"minecraft:iron_hoe":5,"minecraft:wooden_axe":1,"minecraft:bookshelf":62,"create:cart_assembler":6,"scalinghealth:power_crystal":3,"create:radial_chassis":26,"quark:andesite_bricks":1,"minecraft:soul_soil":6,"securitycraft:reinforced_glass":11525,"minecraft:minecart":8,"scalinghealth:bandages":2,"mysticalagriculture:tertium_axe":935,"create:gearshift":5,"create:empty_blaze_burner":1,"evilcraft:blood_infuser":1,"minecraft:copper_block":1,"scalinghealth:chance_heart":9,"minecraft:chiseled_nether_bricks":1,"mysticalagriculture:supremium_pickaxe":7014,"minecraft:mangrove_trapdoor":1,"create:brass_funnel":47,"quark:acacia_chest":2,"vampirism:alchemy_table":1,"create:schematicannon":1,"tombstone:bag_of_seeds":3,"minecraft:black_wool":1,"create:mechanical_press":17,"create:windmill_bearing":9,"undead_unleashed:grave_metal_boots":1,"create:large_water_wheel":34,"mowziesmobs:sol_visage":1,"minecraft:bucket":244,"create:hand_crank":11,"minecraft:splash_potion":3},"minecraft:killed":{"hmag:necrotic_reaper":1,"hmag:wither_skeleton_girl":4,"vampirism:vampire":19,"minecraft:cave_spider":10,"vampirism:advanced_vampire":4,"born_in_chaos_v1:restless_spirit":5,"born_in_chaos_v1:zombie_lumberjack":1,"born_in_chaos_v1:skeleton_demoman":1,"hmag:fortress_keeper":4,"born_in_chaos_v1:siamese_skeletonsright":1,"born_in_chaos_v1:baby_skeleton_minion":5,"vampirism:blinding_bat":1,"minecraft:skeleton":65,"grimoireofgaia:mimic":4,"goblins:zombie_goblin":3,"alexsmobs:leafcutter_ant":7,"alexsmobs:capuchin_monkey":1,"born_in_chaos_v1:skeleton_thrasher":1,"alexsmobs:centipede_head":1,"vampirism:advanced_hunter":1,"born_in_chaos_v1:supreme_bonescaller_stage_2":1,"thermal:blitz":3,"grimoireofgaia:flesh_lich":5,"minecraft:magma_cube":19,"born_in_chaos_v1:bone_imp":5,"grimoireofgaia:hunter":2,"undead_unleashed:frenzied_knight":3,"minecraft:pillager":9,"minecraft:zombie":86,"grimoireofgaia:deathword":3,"born_in_chaos_v1:corpse_fly":6,"hmag:ogre":1,"thermal:basalz":4,"graveyard:nightmare":2,"hmag:creeper_girl":1,"hmag:skeleton_girl":11,"quark:toretoise":3,"born_in_chaos_v1:firelight":2,"alexsmobs:gorilla":1,"minecraft:horse":2,"hmag:zombie_girl":11,"grimoireofgaia:creep":5,"born_in_chaos_v1:barrel_zombie":4,"graveyard:ghoul":26,"born_in_chaos_v1:bone_imp_minion":1,"minecraft:wandering_trader":2,"born_in_chaos_v1:decrepit_skeleton":4,"hmag:kobold":5,"born_in_chaos_v1:bloody_gadfly":8,"minecraft:enderman":3,"born_in_chaos_v1:zombie_clown":1,"evilcraft:netherfish":6,"minecraft:witch":2,"graveyard:skeleton_creeper":1,"mowziesmobs:umvuthi":1,"minecraft:spider":27,"grimoireofgaia:minotaurus":8,"born_in_chaos_v1:scarlet_persecutor":1,"grimoireofgaia:orc":1,"grimoireofgaia:goblin":5,"undead_unleashed:flamebreather":2,"hmag:harpy":1,"minecraft:piglin":2,"born_in_chaos_v1:bonescaller":3,"born_in_chaos_v1:diamond_termite":22,"minecraft:zombie_villager":4,"born_in_chaos_v1:riding_lords_felsteed":1,"grimoireofgaia:bone_knight":6,"grimoireofgaia:cobblestone_golem":1,"hmag:kasha":1,"hmag:wither_ghost":2,"minecraft:creeper":33,"minecraft:sheep":9,"undead_unleashed:shadewraith":15,"born_in_chaos_v1:dread_hound":3,"grimoireofgaia:harpy":11,"alexsmobs:fly":1,"undead_unleashed:haunter":17,"minecraft:blaze":21,"born_in_chaos_v1:siamese_skeletonsleft":1,"grimoireofgaia:shaman":2,"grimoireofgaia:satyress":6,"graveyard:revenant":8,"grimoireofgaia:succubus":14,"grimoireofgaia:centaur":4,"born_in_chaos_v1:zombie_bruiser":3,"born_in_chaos_v1:maggot":44,"minecraft:phantom":74,"grimoireofgaia:ender_eye":7,"grimoireofgaia:bee":1,"alexsmobs:soul_vulture":1,"born_in_chaos_v1:corpse_fish":17,"born_in_chaos_v1:siamese_skeletons":1,"born_in_chaos_v1:fallen_chaos_knight":2,"hmag:ghost":16,"born_in_chaos_v1:baby_skeleton":6,"born_in_chaos_v1:swarmer":2,"quark:foxhound":6,"alexsmobs:emu":1,"born_in_chaos_v1:phantom_creeper_copy":2,"sons_of_sins:betrayed_guzzler":5,"alexsmobs:cockroach":1,"grimoireofgaia:arachne":5,"born_in_chaos_v1:nightmare_stalker":2,"alexsmobs:crow":1,"grimoireofgaia:wither_cow":6,"minecraft:wither_skeleton":27,"minecraft:villager":3},"minecraft:crafted":{"immersiveengineering:hammer":1,"minecraft:smooth_stone":18,"sophisticatedbackpacks:anvil_upgrade":1,"sophisticatedbackpacks:crafting_upgrade":1,"minecraft:lever":6,"create:schematicannon":1,"create:radial_chassis":12,"create:vertical_gearbox":11,"create:rotation_speed_controller":2,"minecraft:glass":46,"minecraft:diamond_leggings":1,"create:mechanical_press":3,"evilcraft:blood_extractor":1,"minecraft:iron_door":3,"create:brass_funnel":17,"create:cogwheel":15,"scalinghealth:power_crystal":3,"evilcraft:undead_planks":4,"minecraft:wooden_shovel":1,"create:rose_quartz":1,"sophisticatedbackpacks:advanced_feeding_upgrade":1,"minecraft:copper_ingot":85,"minecraft:campfire":3,"create:encased_chain_drive":5,"farmersdelight:wheat_dough":4,"create:mechanical_mixer":1,"vampirism:alchemy_table":1,"create:gearbox":23,"create:encased_fan":1,"sophisticatedbackpacks:refill_upgrade":1,"quark:oak_chest":16,"minecraft:gold_ingot":24,"create:schematic_and_quill":2,"create:large_cogwheel":8,"create:propeller":2,"minecraft:golden_carrot":1,"create:wrench":1,"sophisticatedbackpacks:advanced_refill_upgrade":1,"minecraft:iron_nugget":115,"create:white_sail":2,"minecraft:bone_meal":34,"evilcraft:dark_block":2,"securitycraft:universal_block_remover":6,"mysticalagriculture:imperium_ingot":2,"minecraft:diamond_boots":1,"create:electron_tube":8,"create:belt_connector":7,"mysticalagriculture:imperium_furnace":1,"evilcraft:dark_tank":1,"create:brass_tunnel":6,"sophisticatedbackpacks:advanced_tool_swapper_upgrade":1,"minecraft:dried_kelp":205,"create:goggles":1,"minecraft:oak_log":368,"minecraft:golden_apple":1,"minecraft:wooden_axe":1,"evilcraft:blood_infuser":1,"create:shaft":180,"minecraft:oak_planks":334,"minecraft:barrel":1,"minecraft:stone":82,"create:mechanical_bearing":2,"create:deployer":1,"minecraft:bow":1,"create:cart_assembler":1,"vampirism:altar_inspiration":1,"minecraft:dead_bush":2,"create:spout":2,"minecraft:oak_button":2,"minecraft:copper_block":49,"minecraft:rail":16,"minecraft:stone_bricks":16,"minecraft:oak_fence":144,"create:brass_hand":1,"create:depot":8,"minecraft:oak_slab":36,"minecraft:crafting_table":9,"create:mechanical_saw":4,"create:fluid_pipe":16,"minecraft:wooden_pickaxe":2,"create:sand_paper":5,"sophisticatedbackpacks:feeding_upgrade":1,"create:gearshift":3,"sophisticatedbackpacks:upgrade_base":5,"minecraft:dispenser":1,"farmersdelight:cutting_board":1,"minecraft:paper":8,"create:water_wheel":9,"create:portable_storage_interface":2,"create:super_glue":2,"minecraft:stick":151,"minecraft:light_blue_dye":2,"create:mechanical_pump":7,"minecraft:iron_ingot":209,"vampirism:coffin_white":1,"mysticalagriculture:imperium_essence":16,"minecraft:shears":7,"create:empty_blaze_burner":1,"create:chute":8,"evilcraft:dark_spike":16,"minecraft:wooden_sword":1,"minecraft:redstone":27,"create:steam_engine":1,"sophisticatedbackpacks:tool_swapper_upgrade":1,"mysticalagriculture:prosperity_ingot":2,"create:schematic_table":1,"minecraft:flint_and_steel":2,"quark:acacia_chest":2,"minecraft:iron_hoe":2,"create:empty_schematic":4,"evilcraft:dark_stick":8,"create:basin":4,"create:filter":1,"minecraft:glistering_melon_slice":1,"create:andesite_alloy":38,"create:hand_crank":3,"evilcraft:blood_infusion_core":1,"create:large_water_wheel":9,"mysticalagriculture:imperium_block":1,"scalinghealth:heart_crystal":3,"minecraft:bucket":11,"minecraft:air":807,"immersiveengineering:plate_gold":4,"create:whisk":1,"minecraft:gold_nugget":18,"create:mechanical_crafter":6,"minecraft:anvil":2,"vampirism:blood_container":1,"minecraft:acacia_planks":16,"minecraft:torch":47,"create:zinc_ingot":64,"minecraft:diamond_chestplate":1},"minecraft:picked_up":{"minecraft:seagrass":1,"minecraft:iron_chestplate":1,"securitycraft:reinforced_sand":1,"mysticalagriculture:supremium_sword":2,"undead_unleashed:cursed_cloth":7,"minecraft:lead":6,"minecraft:wither_rose":1,"minecraft:enchanted_book":2,"minecraft:brewing_stand":2,"vampirism:holy_water_bottle_normal":2,"minecraft:string":156,"minecraft:soul_soil":29,"minecraft:red_nether_bricks":13,"securitycraft:reinforced_dirt":63,"butchersdelight:cleaver":1,"vampirism:obi_belt":1,"alexsmobs:emu_feather":2,"mysticalagriculture:inferium_essence":203,"minecraft:gold_nugget":90,"minecraft:cobbled_deepslate":22,"minecraft:mangrove_log":1,"werewolves:liver":2,"mysticalagriculture:prosperity_shard":414,"minecraft:acacia_log":4,"create:andesite_casing":130,"born_in_chaos_v1:pileof_dark_metal":2,"undead_unleashed:ghost_pepper":1,"mysticalagriculture:inferium_seeds":2,"tconstruct:scorched_lantern":14,"minecraft:golden_chestplate":1,"alexsmobs:centipede_leg":2,"minecraft:cauldron":1,"minecraft:chiseled_nether_bricks":1,"create:schematic_and_quill":1,"vampirism:blood_bottle":12,"minecraft:stone_sword":3,"quark:clear_shard":71,"grimoireofgaia:stone_coal":4,"grimoireofgaia:box_nether":3,"farmersdelight:rope":12,"thermal:slag":8,"minecraft:blaze_rod":36,"minecraft:snowball":139,"vampirism:heart_seeker_enhanced":1,"born_in_chaos_v1:staffof_magic_arrows":1,"eatanomelette:enchanted_spanish_potato_omelette":6,"minecraft:magma_block":16,"minecraft:feather":45,"minecraft:water_bucket":82,"minecraft:copper_block":1,"minecraft:flint":729,"butchersdelight:deadpig":3,"minecraft:map":1,"undead_unleashed:shaded_bricks":1,"create:encased_chain_drive":24,"farmersdelight:wheat_dough":3,"create:mechanical_drill":17,"create:shaft":109,"mysticalagriculture:soulium_dust":41,"minecraft:glowstone_dust":62,"grimoireofgaia:box_overworld":2,"hmag:necrofiber":2,"vampirism:ring":1,"create:empty_blaze_burner":1,"quark:andesite_bricks":1,"scalinghealth:enchanted_heart":7,"minecraft:dark_oak_log":2,"grimoireofgaia:fireshard":24,"securitycraft:universal_block_remover":1,"minecraft:bundle":6,"minecraft:blue_terracotta":2,"minecraft:lever":10,"minecraft:writable_book":1,"minecraft:granite":1,"undead_unleashed:mossy_shaded_bricks":2,"minecraft:bread":163,"alexsmobs:maggot":1,"born_in_chaos_v1:rotten_fish":6,"minecraft:crafting_table":4,"minecraft:clay_ball":39,"born_in_chaos_v1:seedof_chaos":2,"minecraft:leather_leggings":1,"grimoireofgaia:projectile_bomb":2,"minecraft:cornflower":2,"create:fluid_pipe":5,"alexsmobs:pigshoes":1,"minecraft:flint_and_steel":2,"born_in_chaos_v1:intoxicating_decoction":2,"minecraft:iron_shovel":2,"butchersdelight:dead_cow":5,"minecraft:cracked_stone_bricks":1,"undead_unleashed:grave_metal_ingot":2,"create:brass_funnel":26,"born_in_chaos_v1:gnawed_bones":1,"thermal:niter":6,"minecraft:iron_nugget":226,"minecraft:poppy":3,"minecraft:minecart":7,"sons_of_sins:sickle_of_struggle":1,"minecraft:egg":2,"create:polished_rose_quartz":9,"minecraft:stone":17,"securitycraft:reinforced_cobblestone":3,"minecraft:fire_charge":9,"werewolves:raw_silver":29,"minecraft:carrot":4,"minecraft:redstone":192,"create:brass_casing":9,"minecraft:mangrove_trapdoor":1,"minecraft:prismarine_crystals":2,"create:vertical_gearbox":31,"mowziesmobs:umvuthana_mask_faith":2,"minecraft:tnt":1,"butchersdelight:deadsheep":6,"grimoireofgaia:bag_book":1,"minecraft:beetroot_seeds":4,"minecraft:hay_block":2,"create:depot":9,"mowziesmobs:umvuthana_mask_bliss":3,"tombstone:essence_of_undeath":1,"minecraft:gold_ingot":56,"minecraft:rail":19,"minecraft:white_wool":5,"minecraft:bone_block":17,"minecraft:oxeye_daisy":7,"minecraft:stripped_oak_log":99,"vampirism:vampire_blood_bottle":3,"born_in_chaos_v1:monster_flesh":3,"grimoireofgaia:bone_shield":3,"minecraft:oak_log":1695,"scalinghealth:bandages":31,"minecraft:golden_boots":1,"minecraft:paper":8,"undead_unleashed:charstone_shard":572,"securitycraft:reinforced_glass":13168,"scalinghealth:medkit":2,"minecraft:white_banner":3,"butchersdelight:deadchiken":4,"create:crushing_wheel":21,"minecraft:apple":143,"minecraft:stone_bricks":88,"mowziesmobs:umvuthana_mask_rage":3,"minecraft:kelp":630,"alexsmobs:cockroach_wing_fragment":6,"minecraft:stone_pickaxe":2,"scalinghealth:power_crystal_shard":26,"tombstone:bag_of_seeds":3,"undead_unleashed:grave_metal_boots":3,"minecraft:glass_bottle":1,"minecraft:dark_oak_stairs":1,"thermal:blitz_rod":8,"undead_unleashed:ashthorn":16,"minecraft:dark_oak_slab":2,"evilcraft:dark_stick":5,"immersiveengineering:lantern":1,"born_in_chaos_v1:orbofthe_summoner":1,"born_in_chaos_v1:ethereal_spirit":7,"minecraft:cracked_nether_bricks":2,"minecraft:gravel":1472,"create:schematic":1,"grimoireofgaia:box_iron":2,"vampirism:hunter_axe_ultimate":2,"securitycraft:reinforced_dark_oak_planks":26,"eatanomelette:golden_omelette":4,"minecraft:crying_obsidian":10,"create:gearbox":18,"minecraft:leather_helmet":1,"create:millstone":16,"minecraft:purple_bed":1,"hmag:randomberry":8,"immersiveengineering:seed":162,"minecraft:scute":1,"grimoireofgaia:rotten_heart":5,"mysticalagriculture:supremium_pickaxe":2,"minecraft:oak_button":2,"mowziesmobs:umvuthana_mask_fear":3,"grimoireofgaia:weapon_book_battle":1,"minecraft:hopper":5,"vampirism:coffin_white":1,"minecraft:ender_pearl":35,"minecraft:wheat":235,"minecraft:redstone_block":32,"minecraft:nether_brick_fence":2,"create:mechanical_crafter":57,"goblins:goblin_rotten_meat":2,"minecraft:potion":3,"minecraft:nether_brick":58,"securitycraft:reinforced_oak_planks":229,"born_in_chaos_v1:black_argillite":2,"thermal:basalz_rod":11,"evilcraft:ender_tear":3,"minecraft:raw_copper":196,"tconstruct:ichor_slime_crystal_block":32,"minecraft:oak_sign":1,"create:mechanical_press":12,"minecraft:bucket":143,"minecraft:calcite":6,"evilcraft:blood_extractor":1,"minecraft:iron_boots":1,"minecraft:tipped_arrow":1,"minecraft:stick":451,"create:mechanical_mixer":8,"mowziesmobs:sol_visage":1,"minecraft:oak_fence":315,"born_in_chaos_v1:phantom_powder":3,"minecraft:torch":78,"hmag:diamond_fragment":2,"minecraft:spruce_stairs":2,"minecraft:dried_kelp":5,"vampirism:vampire_fang":12,"tombstone:grave_dust":62,"minecraft:pointed_dripstone":91,"minecraft:diorite":41,"born_in_chaos_v1:nightmare_claw":2,"create:large_cogwheel":47,"minecraft:quartz_block":33,"hmag:ogre_horn":1,"minecraft:rotten_flesh":274,"undead_unleashed:shaded_brick_stairs":2,"evilcraft:condensed_blood":29,"minecraft:obsidian":135,"minecraft:cobblestone":3741,"vampirism:vampire_book":1,"minecraft:leather_chestplate":2,"minecraft:lilac":1,"minecraft:magma_cream":8,"create:fluid_tank":3,"minecraft:andesite":494,"minecraft:potato":1,"create:belt_connector":31,"minecraft:tuff":3,"create:raw_zinc":96,"minecraft:wither_skeleton_skull":1,"minecraft:lapis_lazuli":386,"minecraft:dirt":11254,"hmag:evil_crystal_fragment":5,"born_in_chaos_v1:monster_skin":5,"minecraft:glass":133,"minecraft:bone":175,"minecraft:bow":5,"minecraft:wheat_seeds":163,"minecraft:raw_gold":1,"minecraft:mossy_stone_bricks":5,"minecraft:oak_planks":59,"create:radial_chassis":13,"tconstruct:necrotic_bone":64,"thermal:raw_tin":2,"hmag:soul_powder":37,"create:cogwheel":189,"minecraft:oak_pressure_plate":3,"minecraft:poisonous_potato":1,"minecraft:jungle_planks":3,"evilcraft:dark_gem_crushed":4,"undead_unleashed:grave_metal_leggings":2,"minecraft:sand":784,"minecraft:dead_bush":4,"minecraft:grass_block":6,"hmag:kobold_leather":11,"minecraft:spectral_arrow":45,"sons_of_sins:flesh_of_demise":5,"minecraft:sugar":3,"born_in_chaos_v1:fire_dust":8,"minecraft:diamond":6,"grimoireofgaia:withered_brain":11,"werewolves:cracked_bone":1,"minecraft:crossbow":1,"hmag:burning_core":9,"minecraft:bone_meal":14,"scalinghealth:cursed_heart":5,"butchersdelight:deadllama":4,"minecraft:emerald":33,"minecraft:oak_sapling":479,"minecraft:netherrack":2183,"minecraft:charcoal":18,"minecraft:oak_leaves":9,"born_in_chaos_v1:diamond_termite_shard":22,"mysticalagriculture:soulstone_cobble":237,"minecraft:azure_bluet":2,"minecraft:splash_potion":4,"born_in_chaos_v1:river_mint":6,"evilcraft:dark_power_gem":1,"create:rotation_speed_controller":5,"minecraft:gold_block":130,"minecraft:chain":2,"minecraft:brick":23,"minecraft:shield":1,"minecraft:oak_trapdoor":1,"minecraft:wooden_sword":1,"minecraft:item_frame":2,"create:chute":18,"minecraft:blackstone":237,"graveyard:corruption":50,"minecraft:detector_rail":4,"minecraft:candle":10,"grimoireofgaia:honeydew":3,"scalinghealth:chance_heart":16,"create:basin":8,"evilcraft:hardened_blood_shard":23,"minecraft:sugar_cane":100,"minecraft:phantom_membrane":145,"minecraft:raw_iron":11,"tconstruct:raw_cobalt":2,"grimoireofgaia:meat":32,"create:golden_sheet":1,"minecraft:copper_ingot":35,"create:windmill_bearing":4,"create:hand_crank":1,"undead_unleashed:chiseled_shaded_bricks":2,"alexsmobs:leafcutter_ant_pupa":2,"minecraft:iron_horse_armor":2,"create:deployer":7,"minecraft:arrow":70,"minecraft:weeping_vines":1,"minecraft:nether_bricks":29,"undead_unleashed:cracked_shaded_bricks":2,"born_in_chaos_v1:fused_bone":2,"mowziesmobs:umvuthana_mask_fury":3,"born_in_chaos_v1:corpse_maggot":38,"farmersdelight:rich_soil":3,"minecraft:basalt":809,"minecraft:golden_carrot":1,"minecraft:glow_ink_sac":15,"minecraft:salmon":1,"minecraft:leather":72,"werewolves:dream_catcher":1,"artifacts:superstitious_hat":1,"minecraft:gunpowder":201,"create:blaze_burner":14,"scalinghealth:heart_crystal":100,"mysticalagriculture:tertium_furnace":2,"minecraft:red_nether_brick_stairs":1,"minecraft:iron_ingot":6,"securitycraft:universal_block_reinforcer_lvl1":5,"mowziesmobs:umvuthana_mask_misery":1,"minecraft:soul_sand":104,"minecraft:purple_concrete":2,"minecraft:book":81,"minecraft:oak_slab":5,"evilcraft:undead_log":11,"scalinghealth:heart_crystal_shard":28,"create:large_water_wheel":13,"minecraft:chiseled_stone_bricks":3,"quark:glass_item_frame":1,"mysticalagriculture:aluminum_seeds":3,"minecraft:quartz":387,"minecraft:dandelion":24,"minecraft:dripstone_block":130,"minecraft:lava_bucket":45,"undead_unleashed:grave_metal_scrap":75,"create:brass_tunnel":6,"minecraft:nether_brick_slab":1,"mysticalagriculture:wood_seeds":2,"quark:oak_chest":26,"minecraft:spider_eye":83,"evilcraft:dark_tank":19,"securitycraft:reinforced_grass_block":288,"minecraft:chainmail_leggings":1,"evilcraft:dark_gem":79,"create:encased_fan":9,"hmag:lemon":2,"tombstone:magic_scroll":4,"minecraft:black_wool":1,"minecraft:coal":173},"minecraft:custom":{"minecraft:interact_with_crafting_table":15,"minecraft:open_barrel":32,"minecraft:leave_game":16,"minecraft:time_since_death":1656121,"vampirism:interact_with_alchemy_table":1,"minecraft:play_time":1889944,"minecraft:deaths":1,"minecraft:jump":17936,"minecraft:enchant_item":9,"minecraft:interact_with_furnace":41,"minecraft:interact_with_cartography_table":1,"minecraft:sleep_in_bed":10,"minecraft:damage_dealt":326211,"tombstone:undead_killed":435,"minecraft:interact_with_smoker":2,"minecraft:use_cauldron":27,"minecraft:interact_with_smithing_table":4,"minecraft:interact_with_anvil":3,"minecraft:damage_dealt_absorbed":160,"minecraft:sneak_time":47009,"minecraft:interact_with_blast_furnace":6,"minecraft:total_world_time":1889944,"tombstone:raider_killed":85,"minecraft:time_since_rest":1804,"minecraft:swim_one_cm":631724,"minecraft:fly_one_cm":3946505,"minecraft:open_chest":2690,"minecraft:fall_one_cm":453068,"minecraft:damage_resisted":3260,"minecraft:sprint_one_cm":5058810,"minecraft:drop":1287,"minecraft:talked_to_villager":17,"minecraft:walk_on_water_one_cm":62488,"tombstone:steal_effect":40,"minecraft:crouch_one_cm":225086,"tombstone:villager_killed":5,"minecraft:mob_kills":862,"minecraft:damage_dealt_resisted":32420,"minecraft:climb_one_cm":14185,"minecraft:walk_one_cm":5727217,"minecraft:walk_under_water_one_cm":168257,"minecraft:damage_taken":87530,"minecraft:minecart_one_cm":1272},"minecraft:mined":{"create:brass_tunnel":5,"evilcraft:undead_leaves":1,"create:andesite_casing":130,"minecraft:red_nether_bricks":13,"thermal:tin_ore":2,"minecraft:obsidian":128,"minecraft:granite":1,"minecraft:acacia_log":4,"minecraft:oak_pressure_plate":3,"minecraft:hopper":1,"create:belt":31,"create:rotation_speed_controller":5,"minecraft:oxeye_daisy":2,"mysticalagriculture:inferium_ore":6,"minecraft:chiseled_stone_bricks":4,"minecraft:weeping_vines_plant":1,"minecraft:tall_seagrass":12,"minecraft:magma_block":15,"minecraft:fire":17,"tconstruct:cobalt_ore":1,"minecraft:oak_sign":1,"create:mechanical_press":13,"create:cogwheel":175,"minecraft:kelp_plant":86,"minecraft:crimson_nylium":1,"undead_unleashed:ancient_dirt":50,"minecraft:torch":43,"minecraft:dead_bush":1,"minecraft:nether_brick_slab":1,"minecraft:glass":21,"minecraft:sugar_cane":63,"create:basin":8,"mysticalagriculture:soulium_ore":11,"create:brass_belt_funnel":4,"minecraft:lilac":1,"create:mechanical_mixer":8,"minecraft:copper_block":1,"minecraft:grass":365,"create:hand_crank":1,"minecraft:deepslate":30,"evilcraft:hardened_blood":4,"create:zinc_ore":35,"mysticalagriculture:soulstone":243,"quark:andesite_bricks":1,"create:millstone":16,"evilcraft:dark_tank":19,"create:fluid_tank":3,"minecraft:nether_bricks":28,"minecraft:jungle_planks":1,"born_in_chaos_v1:black_argillite":2,"born_in_chaos_v1:puddleofintoxication":2,"minecraft:redstone_wire":3,"create:encased_fan":9,"minecraft:kelp":16,"minecraft:redstone_ore":18,"create:shaft":81,"minecraft:snow":68,"minecraft:andesite":439,"minecraft:vine":4,"minecraft:rail":1,"create:chute":17,"create:deployer":8,"minecraft:bone_block":8,"minecraft:oak_slab":5,"minecraft:mangrove_stairs":1,"undead_unleashed:shaded_bricks":1,"minecraft:chiseled_nether_bricks":1,"minecraft:soul_sand":83,"quark:oak_chest":26,"minecraft:dandelion":9,"minecraft:cornflower":2,"create:fluid_pipe":6,"minecraft:emerald_ore":17,"undead_unleashed:mossy_shaded_bricks":2,"vampirism:coffin_white":1,"minecraft:campfire":9,"minecraft:tall_grass":29,"minecraft:copper_ore":24,"minecraft:diorite":63,"minecraft:purple_bed":1,"create:blaze_burner":15,"create:water_wheel_structure":10,"create:gearbox":52,"minecraft:purple_concrete":2,"mysticalagriculture:tertium_furnace":2,"create:mechanical_drill":17,"create:crushing_wheel":20,"thermal:silver_ore":2,"werewolves:deepslate_silver_ore":5,"minecraft:gravel":311,"minecraft:dripstone_block":111,"minecraft:cobweb":20,"tconstruct:blood_slime_tall_grass":1,"minecraft:oak_button":2,"minecraft:stone_bricks":30,"minecraft:fern":5,"create:deepslate_zinc_ore":7,"farmersdelight:rich_soil":3,"minecraft:oak_sapling":2,"minecraft:farmland":3,"minecraft:brewing_stand":2,"minecraft:grass_block":4210,"minecraft:soul_soil":29,"mysticalagriculture:inferium_farmland":1,"mysticalagriculture:aluminum_crop":3,"minecraft:glowstone":12,"minecraft:red_nether_brick_stairs":1,"minecraft:iron_ore":5,"minecraft:azure_bluet":2,"minecraft:dark_oak_stairs":1,"minecraft:pointed_dripstone":14,"evilcraft:infested_nether_nether_bricks":3,"mysticalagriculture:wood_crop":2,"create:radial_chassis":13,"minecraft:quartz_block":2,"minecraft:blackstone":172,"mysticalagriculture:inferium_crop":2,"undead_unleashed:grave_soil":3,"minecraft:calcite":6,"minecraft:poppy":1,"create:brass_casing":9,"minecraft:nether_quartz_ore":89,"minecraft:cobblestone":547,"minecraft:oak_planks":45,"minecraft:wall_torch":2,"minecraft:cauldron":1,"create:large_water_wheel":3,"minecraft:seagrass":33,"minecraft:blue_terracotta":2,"minecraft:dark_oak_slab":2,"evilcraft:infested_nether_soul_sand":3,"born_in_chaos_v1:river_mint":1,"undead_unleashed:shaded_brick_stairs":2,"minecraft:oak_log":44,"minecraft:sand":32,"minecraft:dirt":6768,"create:encased_chain_drive":25,"mysticalagriculture:deepslate_prosperity_ore":17,"minecraft:netherrack":2452,"minecraft:oak_leaves":64,"werewolves:silver_ore":9,"undead_unleashed:charstone":44,"create:brass_funnel":25,"minecraft:nether_gold_ore":9,"mysticalagriculture:prosperity_ore":20,"minecraft:tuff":2,"undead_unleashed:chiseled_shaded_bricks":2,"minecraft:candle":4,"minecraft:deepslate_diamond_ore":2,"born_in_chaos_v1:infected_diamond_ore":14,"minecraft:lever":8,"create:large_cogwheel":36,"create:depot":9,"minecraft:mangrove_trapdoor":1,"minecraft:cracked_nether_bricks":2,"farmersdelight:red_mushroom_colony":1,"minecraft:hay_block":2,"undead_unleashed:charstone_vent":10,"evilcraft:dark_ore":2,"create:windmill_bearing":4,"minecraft:gold_block":2,"minecraft:nether_brick_fence":2,"minecraft:bookshelf":24,"immersiveengineering:lantern":1,"tconstruct:budding_ichor_slime_crystal":4,"minecraft:stripped_oak_log":99,"undead_unleashed:cracked_shaded_bricks":2,"butchersdelight:deadllamablock":1,"minecraft:stone":632,"tconstruct:ichor_slime_crystal_block":34,"minecraft:basalt":821,"minecraft:oak_fence":316,"minecraft:crafting_table":3,"minecraft:deepslate_coal_ore":2,"minecraft:lapis_ore":23,"minecraft:spruce_stairs":2,"minecraft:ice":1,"undead_unleashed:ashthorn":3,"minecraft:coal_ore":16,"tconstruct:medium_ichor_slime_crystal_bud":1,"evilcraft:undead_log":11,"create:mechanical_crafter":56,"minecraft:cracked_stone_bricks":3,"minecraft:mossy_stone_bricks":5,"create:andesite_encased_shaft":2},"minecraft:killed_by":{"minecraft:spider":1}},"DataVersion":3120}