{"stats":{"minecraft:broken":{"minecraft:iron_boots":2,"minecraft:iron_chestplate":4,"minecraft:iron_leggings":1,"undead_unleashed:grave_metal_leggings":1,"minecraft:chainmail_leggings":1,"minecraft:leather_leggings":1,"minecraft:golden_leggings":1,"minecraft:golden_chestplate":1,"create:sand_paper":4},"minecraft:dropped":{"butchersdelight:dead_cow":1,"minecraft:lapis_lazuli":5,"minecraft:glass_bottle":4,"minecraft:cookie":1,"minecraft:crossbow":1,"minecraft:weeping_vines":1,"create:cogwheel":2,"minecraft:cracked_stone_bricks":1,"undead_unleashed:grave_metal_scrap":10,"minecraft:rail":8,"minecraft:leather_helmet":1,"minecraft:item_frame":3,"minecraft:gold_block":128,"born_in_chaos_v1:monster_flesh":1,"minecraft:dirt":593,"minecraft:raw_copper_block":55,"mowziesmobs:umvuthana_mask_bliss":3,"minecraft:gold_nugget":38,"minecraft:chain":1,"minecraft:phantom_membrane":21,"minecraft:bone_meal":8,"minecraft:sand":712,"mysticalagriculture:soulstone_cobble":32,"minecraft:white_wool":3,"quark:oak_chest":1,"sons_of_sins:flesh_of_demise":1,"minecraft:bone":21,"minecraft:stone_axe":1,"mowziesmobs:umvuthana_mask_rage":3,"minecraft:iron_nugget":59,"minecraft:detector_rail":4,"minecraft:cobbled_deepslate":14,"minecraft:nether_brick":2,"butchersdelight:deadsheep":1,"minecraft:wheat":1153,"butchersdelight:cleaver":1,"minecraft:obsidian":1,"werewolves:raw_silver":1,"minecraft:rotten_flesh":199,"minecraft:oak_planks":1,"minecraft:glowstone_dust":8,"undead_unleashed:ashthorn":2,"minecraft:azure_bluet":2,"evilcraft:flesh_humanoid":1,"minecraft:salmon":1,"minecraft:tipped_arrow":1,"securitycraft:reinforced_oak_planks":1,"vampirism:vampire_blood_bottle":5,"vampirism:vampire_fang":15,"minecraft:quartz_block":31,"mysticalagriculture:inferium_essence":126,"minecraft:hopper":4,"minecraft:leather_leggings":3,"farmersdelight:rope":12,"minecraft:red_nether_bricks":13,"minecraft:beef":4,"grimoireofgaia:meat":12,"vampirism:pure_salt_water":2,"mysticalagriculture:supremium_pickaxe":2,"farmersdelight:tomato_seeds":1,"create:mechanical_mixer":2,"minecraft:egg":1,"minecraft:enchanted_book":4,"minecraft:iron_ingot":3,"minecraft:wheat_seeds":20,"evilcraft:condensed_blood":29,"minecraft:dripstone_block":64,"minecraft:feather":24,"minecraft:oak_fence":37,"goblins:goblin_rotten_meat":2,"minecraft:book":8,"minecraft:cobblestone":3653,"mowziesmobs:umvuthana_mask_fear":3,"minecraft:apple":436,"minecraft:granite":1,"hmag:diamond_fragment":1,"minecraft:coal":9,"grimoireofgaia:rotten_heart":1,"minecraft:oxeye_daisy":6,"mowziesmobs:sol_visage":1,"born_in_chaos_v1:black_argillite":2,"werewolves:liver":2,"minecraft:white_banner":3,"minecraft:string":22,"minecraft:iron_shovel":2,"vampirism:ring":2,"butchersdelight:deadpig":5,"minecraft:paper":8,"minecraft:stone_sword":3,"minecraft:cocoa_beans":3,"minecraft:chicken":1,"minecraft:white_carpet":1,"minecraft:clay_ball":464,"securitycraft:reinforced_cobblestone":2,"scalinghealth:power_crystal_shard":1,"minecraft:spruce_fence":1,"grimoireofgaia:deco_nest_harpy":1,"minecraft:stone":4,"minecraft:allium":2,"alexsmobs:cockroach_wing_fragment":3,"minecraft:spruce_trapdoor":1,"minecraft:bundle":3,"minecraft:stone_bricks":4,"minecraft:spider_eye":66,"minecraft:bow":5,"minecraft:magma_block":1,"scalinghealth:bandages":3,"minecraft:oak_log":2510,"mowziesmobs:umvuthana_mask_faith":2,"minecraft:leather":21,"minecraft:iron_horse_armor":1,"born_in_chaos_v1:pileof_dark_metal":3,"minecraft:flint":2488,"minecraft:mutton":4,"eatanomelette:enchanted_spanish_potato_omelette":6,"minecraft:snowball":48,"minecraft:gold_ingot":141,"minecraft:gravel":1936,"born_in_chaos_v1:fire_dust":1,"vampirism:holy_water_bottle_normal":4,"minecraft:pointed_dripstone":13,"vampirism:holy_water_bottle_enhanced":1,"vampirism:blood_bottle":2,"mysticalagriculture:wood_essence":70,"mysticalagriculture:supremium_sword":2,"hmag:randomberry":8,"eatanomelette:golden_omelette":4,"minecraft:poppy":1,"minecraft:chiseled_stone_bricks":2,"minecraft:leather_chestplate":3,"minecraft:gunpowder":18,"born_in_chaos_v1:diamond_termite_shard":5,"minecraft:beetroot_seeds":5,"born_in_chaos_v1:corpse_maggot":32,"vampirism:hunter_axe_ultimate":1,"minecraft:basalt":42,"minecraft:arrow":50,"minecraft:netherrack":54,"immersiveengineering:seed":23,"minecraft:scaffolding":1,"minecraft:quartz":3,"mowziesmobs:umvuthana_mask_fury":3,"minecraft:bread":170,"minecraft:water_bucket":208,"grimoireofgaia:emerald_shard":1,"minecraft:lilac":1,"scalinghealth:cursed_heart":3,"create:chute":2,"evilcraft:dark_gem":65,"minecraft:spruce_stairs":2,"minecraft:stick":15,"securitycraft:reinforced_dark_oak_planks":16,"evilcraft:blood_extractor":1,"minecraft:diorite":1,"born_in_chaos_v1:river_mint":1,"minecraft:torch":5,"werewolves:cracked_bone":1,"minecraft:fire_charge":1,"tombstone:grave_dust":43,"mysticalagriculture:prosperity_shard":256,"minecraft:bucket":5,"minecraft:redstone_block":32,"minecraft:dandelion":2,"farmersdelight:wheat_dough":366,"minecraft:redstone":69,"butchersdelight:deadchiken":1,"evilcraft:dark_stick":5,"minecraft:kelp":11,"alexsmobs:maggot":9,"minecraft:oak_trapdoor":1,"minecraft:raw_copper":114,"mysticalagriculture:coal_essence":2,"minecraft:tuff":3,"vampirism:holy_water_bottle_ultimate":1,"minecraft:raw_iron":1,"minecraft:stripped_oak_log":4,"hmag:lemon":2,"grimoireofgaia:bone_shield":1,"minecraft:copper_ore":6,"securitycraft:reinforced_grass_block":16,"mowziesmobs:umvuthana_mask_misery":1,"evilcraft:ender_tear":1,"minecraft:andesite":2,"minecraft:mossy_stone_bricks":3,"minecraft:golden_leggings":2,"minecraft:oak_sapling":664,"minecraft:stone_pickaxe":2,"securitycraft:universal_block_reinforcer_lvl1":12,"minecraft:brick":1},"minecraft:used":{"minecraft:nether_brick_fence":2,"create:deployer":25,"minecraft:stone":30,"minecraft:red_nether_brick_stairs":1,"minecraft:rotten_flesh":2,"create:fluid_tank":37,"create:white_sail":73,"mysticalagriculture:supremium_shovel":11870,"create:mechanical_crafter":56,"create:depot":17,"minecraft:snowball":9,"minecraft:lava_bucket":156,"minecraft:grass_block":3,"minecraft:quartz_block":2,"minecraft:dark_oak_slab":2,"create:rotation_speed_controller":8,"minecraft:bow":11,"create:shaft":243,"create:steam_engine":5,"minecraft:oak_sapling":24,"mysticalagriculture:tertium_essence":80,"minecraft:egg":1,"mowziesmobs:foliaath_seed":11,"mysticalagriculture:supremium_sword":1715,"minecraft:diorite":14,"securitycraft:reinforced_sand":1,"minecraft:blackstone":171,"vampirism:human_heart":1,"minecraft:oak_leaves":1,"create:spout":2,"minecraft:sand":15,"evilcraft:undead_sapling":1,"scalinghealth:cursed_heart":2,"securitycraft:universal_block_remover":853,"mysticalagriculture:imperium_furnace":1,"scalinghealth:enchanted_heart":3,"minecraft:oak_pressure_plate":6,"sons_of_sins:flesh_of_demise":2,"create:basin":18,"mysticalagriculture:tertium_furnace":1,"mysticalagriculture:wood_seeds":28,"minecraft:oak_trapdoor":21,"minecraft:dead_bush":1,"create:schematic_table":1,"minecraft:netherrack":1204,"minecraft:torch":188,"minecraft:brewing_stand":2,"minecraft:nether_brick_slab":1,"securitycraft:reinforced_dirt":4,"create:wrench":770,"create:gearbox":54,"minecraft:iron_block":1,"undead_unleashed:grave_metal_helmet":1,"minecraft:diamond_chestplate":1,"create:encased_chain_drive":33,"minecraft:basalt":613,"minecraft:purple_concrete":2,"minecraft:beef":1,"tombstone:gift":8,"create:fluid_pipe":84,"minecraft:cobbled_deepslate":7,"securitycraft:reinforced_dark_oak_planks":2,"create:belt_connector":95,"minecraft:pointed_dripstone":57,"minecraft:water_bucket":79,"vampirism:altar_inspiration":1,"securitycraft:reinforced_oak_planks":121,"create:brass_tunnel":10,"minecraft:cauldron":57,"create:blaze_burner":27,"create:encased_fan":10,"minecraft:rail":2,"minecraft:crafting_table":4,"minecraft:oak_slab":5,"minecraft:campfire":9,"minecraft:white_bed":1,"quark:glass_item_frame":2,"minecraft:oak_log":187,"mysticalagriculture:soulstone_cobble":5,"mysticalagriculture:tertium_boots":3,"minecraft:oak_button":4,"immersiveengineering:lantern":1,"create:water_wheel":2,"werewolves:liver":2,"scalinghealth:medkit":2,"enchantinginfuser:enchanting_infuser":1,"minecraft:potion":2,"minecraft:cobblestone":838,"evilcraft:dark_tank":23,"minecraft:stripped_oak_log":66,"quark:oak_chest":102,"minecraft:kelp":267,"minecraft:blue_terracotta":2,"minecraft:diamond_hoe":83,"born_in_chaos_v1:intoxicating_decoction":2,"create:portable_storage_interface":2,"mysticalagriculture:imperium_chestplate":5,"minecraft:bell":1,"create:mechanical_bearing":4,"create:minecart_contraption":2,"vampirism:coffin_white":7,"create:cogwheel":462,"minecraft:nether_bricks":28,"minecraft:carrot":1,"immersiveengineering:cokebrick":2,"enchantinginfuser:advanced_enchanting_infuser":3,"mysticalagriculture:inferium_seeds":127,"minecraft:obsidian":62,"minecraft:glass":21,"create:millstone":21,"minecraft:stone_bricks":120,"minecraft:item_frame":2,"farmersdelight:cutting_board":1,"minecraft:magma_block":15,"create:mechanical_drill":22,"minecraft:gold_block":2,"grimoireofgaia:meat":3,"minecraft:dark_oak_stairs":1,"minecraft:diamond_boots":1,"create:crushing_wheel":22,"minecraft:wither_skeleton_skull":1,"minecraft:oak_planks":74,"mysticalagriculture:tertium_chestplate":1,"minecraft:sugar_cane":22,"create:mechanical_saw":4,"undead_unleashed:grave_metal_leggings":1,"minecraft:white_wool":6,"minecraft:dripstone_block":65,"minecraft:shears":9,"minecraft:lever":16,"securitycraft:reinforced_grass_block":184,"minecraft:bread":590,"create:andesite_casing":5,"minecraft:iron_door":1,"grimoireofgaia:rotten_heart":1,"minecraft:gravel":169,"mysticalagriculture:prudentium_chestplate":1,"minecraft:chainmail_boots":1,"minecraft:andesite":52,"create:vertical_gearbox":58,"minecraft:bone_meal":102,"create:large_cogwheel":92,"minecraft:oak_fence":316,"minecraft:flint_and_steel":4,"create:item_vault":17,"minecraft:redstone":3,"minecraft:dried_kelp":1,"create:mechanical_pump":9,"minecraft:dirt":2003,"scalinghealth:heart_crystal":97,"create:mechanical_mixer":17,"minecraft:hopper":2,"minecraft:spruce_stairs":2,"minecraft:golden_chestplate":1,"evilcraft:undead_log":2,"create:chute":18,"minecraft:iron_hoe":5,"minecraft:wooden_axe":1,"minecraft:bookshelf":62,"create:cart_assembler":6,"scalinghealth:power_crystal":3,"create:radial_chassis":26,"quark:andesite_bricks":1,"minecraft:soul_soil":6,"securitycraft:reinforced_glass":11525,"minecraft:minecart":8,"scalinghealth:bandages":2,"mysticalagriculture:tertium_axe":941,"create:gearshift":5,"create:empty_blaze_burner":1,"evilcraft:blood_infuser":1,"minecraft:copper_block":1,"scalinghealth:chance_heart":12,"minecraft:chiseled_nether_bricks":1,"mysticalagriculture:supremium_pickaxe":7025,"minecraft:mangrove_trapdoor":1,"create:brass_funnel":47,"quark:acacia_chest":2,"minecraft:spider_eye":1,"vampirism:alchemy_table":1,"create:schematicannon":1,"tombstone:bag_of_seeds":3,"minecraft:black_wool":1,"undead_unleashed:grave_metal_boots":1,"create:mechanical_press":17,"create:windmill_bearing":9,"create:large_water_wheel":34,"mowziesmobs:sol_visage":1,"minecraft:bucket":246,"create:hand_crank":11,"minecraft:splash_potion":3},"minecraft:killed":{"hmag:necrotic_reaper":1,"hmag:wither_skeleton_girl":4,"vampirism:vampire":20,"minecraft:cave_spider":10,"vampirism:advanced_vampire":5,"born_in_chaos_v1:zombie_lumberjack":1,"born_in_chaos_v1:restless_spirit":5,"born_in_chaos_v1:skeleton_demoman":1,"hmag:fortress_keeper":4,"grimoireofgaia:minotaur":1,"minecraft:zombie_horse":1,"born_in_chaos_v1:siamese_skeletonsright":1,"born_in_chaos_v1:baby_skeleton_minion":5,"minecraft:skeleton":82,"vampirism:blinding_bat":1,"grimoireofgaia:mimic":5,"goblins:zombie_goblin":3,"alexsmobs:leafcutter_ant":13,"alexsmobs:capuchin_monkey":1,"born_in_chaos_v1:skeleton_thrasher":1,"vampirism:advanced_hunter":3,"alexsmobs:centipede_head":1,"born_in_chaos_v1:supreme_bonescaller_stage_2":1,"mowziesmobs:foliaath":2,"thermal:blitz":5,"grimoireofgaia:flesh_lich":5,"minecraft:magma_cube":19,"born_in_chaos_v1:bone_imp":5,"grimoireofgaia:hunter":2,"undead_unleashed:frenzied_knight":4,"minecraft:pillager":9,"minecraft:zombie":111,"grimoireofgaia:deathword":3,"hmag:melty_monster":1,"born_in_chaos_v1:corpse_fly":14,"hmag:ogre":1,"born_in_chaos_v1:door_knight":2,"thermal:basalz":4,"graveyard:nightmare":2,"hmag:creeper_girl":4,"hmag:skeleton_girl":13,"quark:toretoise":3,"born_in_chaos_v1:firelight":2,"alexsmobs:gorilla":1,"minecraft:horse":3,"hmag:zombie_girl":12,"grimoireofgaia:creep":5,"born_in_chaos_v1:barrel_zombie":4,"graveyard:ghoul":26,"born_in_chaos_v1:bone_imp_minion":1,"minecraft:wandering_trader":2,"born_in_chaos_v1:decrepit_skeleton":7,"hmag:kobold":5,"born_in_chaos_v1:bloody_gadfly":12,"minecraft:enderman":3,"born_in_chaos_v1:zombie_clown":2,"evilcraft:netherfish":6,"minecraft:witch":4,"graveyard:skeleton_creeper":1,"mowziesmobs:umvuthi":1,"minecraft:spider":43,"grimoireofgaia:minotaurus":14,"born_in_chaos_v1:scarlet_persecutor":5,"grimoireofgaia:orc":4,"grimoireofgaia:goblin":5,"undead_unleashed:flamebreather":2,"hmag:harpy":1,"minecraft:piglin":2,"born_in_chaos_v1:bonescaller":3,"minecraft:zombie_villager":6,"born_in_chaos_v1:diamond_termite":22,"born_in_chaos_v1:riding_lords_felsteed":1,"grimoireofgaia:bone_knight":6,"grimoireofgaia:cobblestone_golem":1,"hmag:kasha":1,"hmag:wither_ghost":2,"minecraft:creeper":37,"vampirism:hunter":4,"minecraft:sheep":10,"undead_unleashed:shadewraith":17,"born_in_chaos_v1:dread_hound":5,"grimoireofgaia:harpy":18,"alexsmobs:fly":3,"undead_unleashed:haunter":17,"alexsmobs:komodo_dragon":2,"born_in_chaos_v1:siamese_skeletonsleft":1,"minecraft:blaze":21,"grimoireofgaia:shaman":3,"born_in_chaos_v1:missioner":1,"grimoireofgaia:satyress":6,"born_in_chaos_v1:zombie_clown_not_despawn":1,"graveyard:revenant":8,"grimoireofgaia:succubus":14,"born_in_chaos_v1:zombie_bruiser":3,"grimoireofgaia:centaur":4,"born_in_chaos_v1:maggot":57,"minecraft:phantom":74,"grimoireofgaia:ender_eye":7,"grimoireofgaia:bee":1,"takesapillage:clay_golem":1,"alexsmobs:soul_vulture":1,"born_in_chaos_v1:corpse_fish":17,"born_in_chaos_v1:siamese_skeletons":1,"born_in_chaos_v1:fallen_chaos_knight":3,"hmag:ghost":17,"born_in_chaos_v1:baby_skeleton":6,"born_in_chaos_v1:swarmer":3,"quark:foxhound":6,"alexsmobs:emu":1,"born_in_chaos_v1:phantom_creeper_copy":2,"born_in_chaos_v1:decaying_zombie":1,"alexsmobs:cockroach":1,"sons_of_sins:betrayed_guzzler":6,"grimoireofgaia:arachne":5,"born_in_chaos_v1:nightmare_stalker":2,"alexsmobs:crow":1,"grimoireofgaia:wither_cow":6,"minecraft:wither_skeleton":27,"minecraft:villager":12},"minecraft:crafted":{"minecraft:smooth_stone":18,"immersiveengineering:hammer":1,"mysticalagriculture:unattuned_augment":2,"sophisticatedbackpacks:anvil_upgrade":1,"sophisticatedbackpacks:crafting_upgrade":1,"minecraft:lever":6,"create:schematicannon":1,"create:radial_chassis":12,"create:vertical_gearbox":11,"create:rotation_speed_controller":2,"minecraft:glass":46,"mysticalagriculture:tertium_boots":1,"mysticalagriculture:prudentium_chestplate":1,"minecraft:diamond_leggings":1,"create:mechanical_press":3,"evilcraft:blood_extractor":1,"minecraft:iron_door":3,"create:brass_funnel":17,"create:cogwheel":15,"scalinghealth:power_crystal":3,"evilcraft:undead_planks":4,"minecraft:wooden_shovel":1,"create:rose_quartz":1,"mysticalagriculture:prudentium_boots":1,"sophisticatedbackpacks:advanced_feeding_upgrade":1,"minecraft:copper_ingot":85,"minecraft:campfire":3,"create:encased_chain_drive":5,"farmersdelight:wheat_dough":4,"create:mechanical_mixer":1,"vampirism:alchemy_table":1,"create:gearbox":23,"create:encased_fan":1,"sophisticatedbackpacks:refill_upgrade":1,"quark:oak_chest":16,"minecraft:gold_ingot":24,"create:schematic_and_quill":2,"create:large_cogwheel":8,"create:propeller":2,"mysticalagriculture:infusion_crystal":1,"minecraft:golden_carrot":1,"create:wrench":1,"sophisticatedbackpacks:advanced_refill_upgrade":1,"minecraft:iron_nugget":115,"create:white_sail":2,"minecraft:bone_meal":34,"mysticalagriculture:inferium_ingot":4,"evilcraft:dark_block":2,"securitycraft:universal_block_remover":6,"mysticalagriculture:imperium_ingot":4,"minecraft:diamond_boots":1,"create:electron_tube":8,"create:belt_connector":7,"mysticalagriculture:imperium_furnace":1,"evilcraft:dark_tank":1,"create:brass_tunnel":6,"sophisticatedbackpacks:advanced_tool_swapper_upgrade":1,"minecraft:dried_kelp":205,"create:goggles":1,"mysticalagriculture:inferium_boots":1,"mysticalagriculture:prosperity_gemstone":2,"minecraft:oak_log":368,"minecraft:golden_apple":3,"minecraft:wooden_axe":1,"evilcraft:blood_infuser":1,"create:shaft":180,"minecraft:oak_planks":334,"minecraft:barrel":1,"mysticalagriculture:imperium_gemstone":2,"minecraft:stone":82,"create:mechanical_bearing":2,"create:deployer":1,"minecraft:bow":1,"create:cart_assembler":1,"mysticalagriculture:inferium_chestplate":1,"vampirism:altar_inspiration":1,"minecraft:dead_bush":2,"mysticalagriculture:tertium_essence":4,"create:spout":2,"minecraft:oak_button":2,"minecraft:copper_block":49,"minecraft:rail":16,"minecraft:stone_bricks":16,"minecraft:oak_fence":144,"create:brass_hand":1,"mysticalagriculture:inferium_gemstone":4,"create:depot":8,"minecraft:oak_slab":36,"minecraft:crafting_table":9,"create:mechanical_saw":4,"create:fluid_pipe":16,"minecraft:wooden_pickaxe":2,"create:sand_paper":5,"sophisticatedbackpacks:feeding_upgrade":1,"create:gearshift":3,"sophisticatedbackpacks:upgrade_base":5,"minecraft:dispenser":1,"farmersdelight:cutting_board":1,"minecraft:paper":8,"create:water_wheel":9,"create:portable_storage_interface":2,"create:super_glue":2,"minecraft:stick":151,"minecraft:light_blue_dye":2,"create:mechanical_pump":7,"minecraft:iron_ingot":209,"vampirism:coffin_white":1,"mysticalagriculture:prudentium_gemstone":4,"mysticalagriculture:imperium_essence":16,"minecraft:shears":7,"create:empty_blaze_burner":1,"mysticalagriculture:imperium_chestplate":1,"create:chute":8,"evilcraft:dark_spike":16,"minecraft:wooden_sword":1,"minecraft:redstone":27,"create:steam_engine":1,"sophisticatedbackpacks:tool_swapper_upgrade":1,"mysticalagriculture:prosperity_ingot":4,"create:schematic_table":1,"minecraft:flint_and_steel":2,"quark:acacia_chest":2,"minecraft:iron_hoe":2,"create:empty_schematic":4,"evilcraft:dark_stick":8,"create:basin":4,"create:filter":1,"minecraft:glistering_melon_slice":1,"create:andesite_alloy":38,"create:hand_crank":3,"evilcraft:blood_infusion_core":1,"create:large_water_wheel":9,"mysticalagriculture:imperium_block":1,"scalinghealth:heart_crystal":3,"minecraft:bucket":11,"minecraft:air":807,"immersiveengineering:plate_gold":4,"create:whisk":1,"minecraft:gold_nugget":18,"mysticalagriculture:prudentium_ingot":4,"mysticalagriculture:tertium_chestplate":1,"create:mechanical_crafter":6,"minecraft:anvil":2,"vampirism:blood_container":1,"minecraft:acacia_planks":16,"minecraft:torch":47,"create:zinc_ingot":64,"minecraft:diamond_chestplate":1},"minecraft:picked_up":{"minecraft:seagrass":1,"born_in_chaos_v1:charmof_stealth":1,"minecraft:iron_chestplate":1,"securitycraft:reinforced_sand":1,"mysticalagriculture:supremium_sword":2,"undead_unleashed:cursed_cloth":8,"minecraft:lead":8,"minecraft:wither_rose":1,"minecraft:enchanted_book":3,"minecraft:brewing_stand":2,"vampirism:holy_water_bottle_normal":2,"minecraft:string":200,"minecraft:soul_soil":29,"minecraft:red_nether_bricks":13,"securitycraft:reinforced_dirt":63,"butchersdelight:cleaver":1,"vampirism:obi_belt":1,"grimoireofgaia:iron_shield":1,"alexsmobs:emu_feather":2,"mysticalagriculture:inferium_essence":2484,"minecraft:gold_nugget":95,"minecraft:cobbled_deepslate":22,"born_in_chaos_v1:charmof_power":1,"minecraft:mangrove_log":1,"create:andesite_casing":130,"mysticalagriculture:prosperity_shard":414,"minecraft:acacia_log":4,"werewolves:liver":10,"undead_unleashed:ghost_pepper":1,"born_in_chaos_v1:pileof_dark_metal":3,"mysticalagriculture:inferium_seeds":211,"tconstruct:scorched_lantern":14,"minecraft:golden_chestplate":1,"alexsmobs:centipede_leg":2,"minecraft:cauldron":1,"minecraft:chiseled_nether_bricks":1,"create:schematic_and_quill":1,"minecraft:stone_sword":3,"vampirism:blood_bottle":17,"quark:clear_shard":71,"grimoireofgaia:stone_coal":4,"grimoireofgaia:box_nether":3,"farmersdelight:rope":12,"thermal:slag":8,"mysticalagriculture:prudentium_essence":4,"minecraft:blaze_rod":36,"minecraft:snowball":139,"vampirism:heart_seeker_enhanced":1,"born_in_chaos_v1:staffof_magic_arrows":1,"eatanomelette:enchanted_spanish_potato_omelette":6,"minecraft:magma_block":16,"minecraft:feather":77,"minecraft:water_bucket":82,"minecraft:copper_block":1,"minecraft:flint":734,"butchersdelight:deadpig":8,"minecraft:map":1,"minecraft:lantern":1,"undead_unleashed:shaded_bricks":1,"create:encased_chain_drive":24,"farmersdelight:wheat_dough":3,"create:mechanical_drill":17,"mysticalagriculture:soulium_dust":41,"create:shaft":109,"minecraft:glowstone_dust":74,"grimoireofgaia:box_overworld":3,"hmag:necrofiber":2,"mysticalagriculture:coal_essence":1,"vampirism:ring":1,"create:empty_blaze_burner":1,"scalinghealth:enchanted_heart":11,"quark:andesite_bricks":1,"minecraft:dark_oak_log":2,"grimoireofgaia:fireshard":24,"securitycraft:universal_block_remover":1,"minecraft:bundle":7,"minecraft:iron_hoe":1,"minecraft:blue_terracotta":2,"minecraft:lever":10,"minecraft:writable_book":1,"minecraft:granite":1,"undead_unleashed:mossy_shaded_bricks":2,"minecraft:bread":163,"alexsmobs:maggot":9,"born_in_chaos_v1:rotten_fish":6,"minecraft:crafting_table":4,"minecraft:clay_ball":42,"born_in_chaos_v1:seedof_chaos":3,"minecraft:leather_leggings":3,"grimoireofgaia:projectile_bomb":2,"mysticalagriculture:tertium_essence":16,"minecraft:cornflower":2,"create:fluid_pipe":5,"alexsmobs:pigshoes":1,"minecraft:flint_and_steel":2,"born_in_chaos_v1:intoxicating_decoction":5,"minecraft:white_carpet":1,"minecraft:iron_shovel":2,"butchersdelight:dead_cow":5,"undead_unleashed:grave_metal_ingot":2,"minecraft:cracked_stone_bricks":1,"create:brass_funnel":26,"minecraft:beef":3,"born_in_chaos_v1:gnawed_bones":1,"thermal:niter":6,"minecraft:iron_nugget":240,"minecraft:poppy":3,"minecraft:minecart":7,"sons_of_sins:sickle_of_struggle":1,"minecraft:egg":2,"create:polished_rose_quartz":9,"minecraft:stone":17,"securitycraft:reinforced_cobblestone":3,"minecraft:spruce_fence":1,"minecraft:fire_charge":12,"werewolves:raw_silver":29,"born_in_chaos_v1:pieceofdarkmetal":5,"minecraft:carrot":5,"minecraft:redstone":193,"create:brass_casing":9,"minecraft:mangrove_trapdoor":1,"minecraft:prismarine_crystals":2,"create:vertical_gearbox":31,"minecraft:tnt":1,"mowziesmobs:umvuthana_mask_faith":4,"mysticalagriculture:attack_aoe_ii_augment":1,"mysticalagriculture:absorption_iii_augment":2,"butchersdelight:deadsheep":7,"grimoireofgaia:bag_book":5,"minecraft:beetroot_seeds":4,"minecraft:diamond_boots":2,"minecraft:hay_block":2,"create:depot":9,"mowziesmobs:umvuthana_mask_bliss":6,"minecraft:gold_ingot":56,"tombstone:essence_of_undeath":1,"minecraft:bone_block":17,"minecraft:white_wool":31,"minecraft:rail":19,"minecraft:oxeye_daisy":7,"minecraft:stripped_oak_log":99,"vampirism:vampire_blood_bottle":3,"born_in_chaos_v1:monster_flesh":5,"grimoireofgaia:bone_shield":3,"minecraft:oak_log":1700,"scalinghealth:bandages":40,"minecraft:golden_boots":1,"securitycraft:reinforced_glass":13168,"undead_unleashed:charstone_shard":572,"minecraft:paper":8,"scalinghealth:medkit":4,"minecraft:white_banner":5,"butchersdelight:deadchiken":4,"immersiveengineering:cokebrick":2,"create:crushing_wheel":21,"minecraft:apple":143,"minecraft:stone_bricks":90,"mowziesmobs:umvuthana_mask_rage":7,"minecraft:kelp":630,"mowziesmobs:foliaath_seed":3,"alexsmobs:cockroach_wing_fragment":6,"minecraft:stone_pickaxe":2,"scalinghealth:power_crystal_shard":31,"undead_unleashed:grave_metal_boots":3,"tombstone:bag_of_seeds":3,"minecraft:glass_bottle":1,"minecraft:iron_sword":1,"mysticalagriculture:wood_essence":10,"minecraft:dark_oak_stairs":1,"thermal:blitz_rod":13,"undead_unleashed:ashthorn":16,"minecraft:dark_oak_slab":2,"born_in_chaos_v1:orbofthe_summoner":1,"born_in_chaos_v1:ethereal_spirit":14,"immersiveengineering:lantern":1,"evilcraft:dark_stick":5,"minecraft:cracked_nether_bricks":2,"minecraft:gravel":1472,"create:schematic":1,"grimoireofgaia:box_iron":2,"minecraft:crying_obsidian":10,"securitycraft:reinforced_dark_oak_planks":26,"eatanomelette:golden_omelette":4,"vampirism:hunter_axe_ultimate":2,"create:gearbox":18,"minecraft:leather_helmet":1,"create:millstone":16,"minecraft:purple_bed":1,"immersiveengineering:seed":188,"minecraft:stone_axe":1,"hmag:randomberry":8,"minecraft:scute":1,"grimoireofgaia:rotten_heart":8,"mysticalagriculture:supremium_pickaxe":2,"minecraft:oak_button":2,"mowziesmobs:umvuthana_mask_fear":7,"grimoireofgaia:weapon_book_battle":1,"minecraft:hopper":5,"minecraft:ender_pearl":38,"vampirism:coffin_white":6,"minecraft:wheat":235,"minecraft:redstone_block":32,"minecraft:nether_brick_fence":2,"create:mechanical_crafter":57,"goblins:goblin_rotten_meat":2,"mysticalagriculture:coal_seeds":1,"minecraft:potion":3,"minecraft:nether_brick":58,"mysticalagriculture:stone_essence":3,"securitycraft:reinforced_oak_planks":229,"vampirism:pure_salt_water":1,"born_in_chaos_v1:black_argillite":2,"thermal:basalz_rod":11,"evilcraft:ender_tear":4,"mysticalagriculture:stone_seeds":3,"minecraft:raw_copper":196,"tconstruct:ichor_slime_crystal_block":32,"minecraft:oak_sign":1,"create:mechanical_press":12,"minecraft:bucket":146,"minecraft:calcite":6,"mysticalagriculture:mining_aoe_iii_augment":1,"minecraft:iron_pickaxe":1,"evilcraft:blood_extractor":1,"vampirism:crossbow_arrow_normal":1,"minecraft:iron_boots":1,"minecraft:tipped_arrow":1,"minecraft:stick":451,"create:mechanical_mixer":8,"mowziesmobs:sol_visage":1,"minecraft:oak_fence":333,"born_in_chaos_v1:phantom_powder":3,"minecraft:torch":80,"hmag:diamond_fragment":3,"minecraft:spruce_stairs":4,"vampirism:holy_water_bottle_enhanced":1,"minecraft:dried_kelp":5,"minecraft:pointed_dripstone":91,"vampirism:vampire_fang":14,"tombstone:grave_dust":72,"minecraft:diorite":41,"born_in_chaos_v1:nightmare_claw":2,"grimoireofgaia:deco_nest_harpy":2,"create:large_cogwheel":47,"minecraft:quartz_block":33,"minecraft:rotten_flesh":361,"undead_unleashed:shaded_brick_stairs":2,"hmag:ogre_horn":1,"mysticalagriculture:mining_aoe_iv_augment":1,"evilcraft:condensed_blood":29,"minecraft:obsidian":135,"minecraft:cobblestone":3784,"vampirism:vampire_book":1,"minecraft:leather_chestplate":5,"minecraft:lilac":1,"create:fluid_tank":3,"minecraft:magma_cream":10,"minecraft:andesite":494,"minecraft:golden_leggings":2,"minecraft:potato":1,"create:belt_connector":31,"minecraft:tuff":3,"create:raw_zinc":96,"minecraft:wither_skeleton_skull":1,"minecraft:lapis_lazuli":386,"minecraft:dirt":11720,"hmag:evil_crystal_fragment":8,"born_in_chaos_v1:monster_skin":7,"minecraft:glass":133,"minecraft:bone":200,"minecraft:bow":7,"minecraft:wheat_seeds":180,"minecraft:raw_gold":1,"minecraft:bell":1,"minecraft:mossy_stone_bricks":5,"minecraft:oak_planks":59,"thermal:raw_tin":2,"create:radial_chassis":13,"tconstruct:necrotic_bone":64,"immersiveengineering:creosote_bucket":1,"hmag:soul_powder":37,"create:cogwheel":189,"minecraft:oak_pressure_plate":3,"minecraft:poisonous_potato":1,"evilcraft:dark_gem_crushed":4,"grimoireofgaia:emerald_shard":1,"minecraft:sand":784,"undead_unleashed:grave_metal_leggings":2,"minecraft:jungle_planks":3,"minecraft:grass_block":6,"minecraft:dead_bush":4,"hmag:kobold_leather":11,"minecraft:spectral_arrow":45,"sons_of_sins:flesh_of_demise":6,"minecraft:sugar":3,"born_in_chaos_v1:fire_dust":8,"minecraft:diamond":6,"grimoireofgaia:withered_brain":11,"hmag:burning_core":9,"minecraft:crossbow":1,"minecraft:bone_meal":14,"scalinghealth:cursed_heart":7,"butchersdelight:deadllama":6,"minecraft:emerald":33,"werewolves:cracked_bone":1,"minecraft:oak_sapling":480,"minecraft:netherrack":2183,"minecraft:oak_leaves":9,"minecraft:charcoal":18,"born_in_chaos_v1:diamond_termite_shard":22,"minecraft:allium":2,"mysticalagriculture:soulstone_cobble":237,"minecraft:azure_bluet":2,"minecraft:splash_potion":4,"evilcraft:dark_power_gem":1,"born_in_chaos_v1:river_mint":6,"mysticalagriculture:absorption_iv_augment":1,"create:rotation_speed_controller":5,"minecraft:gold_block":130,"minecraft:chain":2,"minecraft:brick":23,"minecraft:shield":1,"mysticalagriculture:absorption_ii_augment":2,"minecraft:oak_trapdoor":1,"minecraft:wooden_sword":1,"mysticalagriculture:attack_aoe_i_augment":1,"minecraft:item_frame":6,"create:chute":18,"minecraft:blackstone":237,"graveyard:corruption":50,"minecraft:candle":10,"minecraft:detector_rail":4,"grimoireofgaia:honeydew":3,"scalinghealth:chance_heart":22,"create:basin":8,"evilcraft:hardened_blood_shard":23,"minecraft:sugar_cane":100,"minecraft:spruce_trapdoor":1,"minecraft:phantom_membrane":145,"minecraft:raw_iron":11,"tconstruct:raw_cobalt":2,"grimoireofgaia:meat":44,"create:golden_sheet":1,"minecraft:copper_ingot":35,"create:windmill_bearing":4,"minecraft:cookie":1,"create:hand_crank":1,"undead_unleashed:chiseled_shaded_bricks":2,"alexsmobs:leafcutter_ant_pupa":2,"minecraft:iron_horse_armor":2,"create:deployer":7,"minecraft:arrow":91,"minecraft:weeping_vines":1,"minecraft:nether_bricks":29,"undead_unleashed:cracked_shaded_bricks":2,"born_in_chaos_v1:fused_bone":2,"mowziesmobs:umvuthana_mask_fury":6,"born_in_chaos_v1:corpse_maggot":57,"farmersdelight:rich_soil":3,"minecraft:basalt":813,"minecraft:golden_carrot":1,"minecraft:glow_ink_sac":15,"minecraft:salmon":1,"minecraft:leather":87,"werewolves:dream_catcher":1,"artifacts:superstitious_hat":1,"minecraft:gunpowder":213,"create:blaze_burner":14,"scalinghealth:heart_crystal":113,"mysticalagriculture:tertium_furnace":2,"vampirism:human_heart":2,"minecraft:red_nether_brick_stairs":1,"mysticalagriculture:supremium_essence":1,"minecraft:iron_ingot":8,"securitycraft:universal_block_reinforcer_lvl1":5,"mowziesmobs:umvuthana_mask_misery":2,"minecraft:soul_sand":104,"minecraft:purple_concrete":2,"minecraft:book":81,"minecraft:scaffolding":1,"minecraft:oak_slab":5,"evilcraft:undead_log":11,"scalinghealth:heart_crystal_shard":28,"create:large_water_wheel":13,"minecraft:chiseled_stone_bricks":3,"minecraft:quartz":387,"quark:glass_item_frame":1,"mysticalagriculture:aluminum_seeds":3,"minecraft:dandelion":29,"minecraft:dripstone_block":130,"minecraft:lava_bucket":45,"undead_unleashed:grave_metal_scrap":95,"minecraft:white_bed":1,"minecraft:nether_brick_slab":1,"create:brass_tunnel":6,"mysticalagriculture:wood_seeds":34,"quark:oak_chest":28,"minecraft:spider_eye":120,"evilcraft:dark_tank":22,"mysticalagriculture:absorption_i_augment":4,"securitycraft:reinforced_grass_block":288,"create:encased_fan":9,"minecraft:chainmail_leggings":1,"evilcraft:dark_gem":79,"hmag:lemon":2,"undead_unleashed:grave_metal_axe":1,"tombstone:magic_scroll":9,"minecraft:black_wool":1,"minecraft:coal":188},"minecraft:custom":{"minecraft:interact_with_crafting_table":15,"minecraft:open_barrel":32,"minecraft:bell_ring":2,"minecraft:leave_game":17,"minecraft:time_since_death":1799945,"vampirism:interact_with_alchemy_table":1,"minecraft:play_time":2033768,"minecraft:deaths":1,"minecraft:jump":18787,"minecraft:enchant_item":10,"minecraft:interact_with_furnace":41,"minecraft:interact_with_cartography_table":1,"minecraft:sleep_in_bed":13,"minecraft:damage_dealt":384863,"tombstone:undead_killed":497,"minecraft:interact_with_smoker":2,"minecraft:use_cauldron":27,"minecraft:interact_with_smithing_table":4,"minecraft:interact_with_anvil":3,"minecraft:damage_dealt_absorbed":192,"minecraft:sneak_time":47889,"minecraft:interact_with_blast_furnace":8,"minecraft:total_world_time":2033768,"tombstone:raider_killed":87,"minecraft:time_since_rest":7828,"minecraft:swim_one_cm":739368,"minecraft:fly_one_cm":4202434,"minecraft:open_chest":2904,"minecraft:fall_one_cm":483128,"minecraft:damage_resisted":4990,"minecraft:sprint_one_cm":5602218,"minecraft:drop":1417,"minecraft:talked_to_villager":19,"minecraft:walk_on_water_one_cm":69939,"tombstone:steal_effect":82,"minecraft:crouch_one_cm":226617,"tombstone:villager_killed":14,"minecraft:mob_kills":1042,"minecraft:damage_dealt_resisted":41855,"minecraft:climb_one_cm":14391,"minecraft:walk_one_cm":6431837,"minecraft:walk_under_water_one_cm":191637,"minecraft:damage_absorbed":265,"minecraft:damage_taken":91347,"minecraft:minecart_one_cm":1272},"minecraft:mined":{"create:brass_tunnel":5,"minecraft:white_bed":1,"evilcraft:undead_leaves":1,"create:andesite_casing":130,"minecraft:red_nether_bricks":13,"thermal:tin_ore":2,"minecraft:obsidian":128,"minecraft:granite":1,"minecraft:acacia_log":4,"minecraft:oak_pressure_plate":3,"minecraft:hopper":1,"create:belt":31,"create:rotation_speed_controller":5,"minecraft:oxeye_daisy":2,"mysticalagriculture:inferium_ore":6,"minecraft:chiseled_stone_bricks":4,"minecraft:weeping_vines_plant":1,"minecraft:tall_seagrass":12,"minecraft:magma_block":15,"minecraft:fire":17,"tconstruct:cobalt_ore":1,"minecraft:oak_sign":1,"create:mechanical_press":13,"create:cogwheel":175,"minecraft:kelp_plant":86,"minecraft:crimson_nylium":1,"undead_unleashed:ancient_dirt":50,"minecraft:torch":43,"minecraft:dead_bush":1,"minecraft:nether_brick_slab":1,"minecraft:glass":21,"minecraft:sugar_cane":63,"create:basin":8,"immersiveengineering:cokebrick":1,"mysticalagriculture:soulium_ore":11,"minecraft:lilac":1,"create:mechanical_mixer":8,"create:brass_belt_funnel":4,"minecraft:copper_block":1,"minecraft:grass":399,"create:hand_crank":1,"minecraft:deepslate":30,"evilcraft:hardened_blood":4,"create:zinc_ore":35,"mysticalagriculture:soulstone":243,"quark:andesite_bricks":1,"create:millstone":16,"evilcraft:dark_tank":22,"create:fluid_tank":3,"minecraft:nether_bricks":28,"minecraft:jungle_planks":1,"born_in_chaos_v1:black_argillite":2,"born_in_chaos_v1:puddleofintoxication":2,"minecraft:redstone_wire":3,"create:encased_fan":9,"immersiveengineering:coke_oven":1,"minecraft:kelp":16,"minecraft:redstone_ore":18,"create:shaft":81,"minecraft:snow":68,"minecraft:andesite":439,"minecraft:vine":4,"minecraft:rail":1,"create:chute":17,"create:deployer":8,"minecraft:bone_block":8,"mysticalagriculture:supremium_farmland":1,"minecraft:oak_slab":5,"minecraft:mangrove_stairs":1,"undead_unleashed:shaded_bricks":1,"mysticalagriculture:tertium_farmland":68,"minecraft:chiseled_nether_bricks":1,"minecraft:soul_sand":83,"quark:oak_chest":26,"minecraft:dandelion":9,"minecraft:cornflower":2,"create:fluid_pipe":6,"minecraft:emerald_ore":17,"undead_unleashed:mossy_shaded_bricks":2,"vampirism:coffin_white":6,"minecraft:campfire":9,"minecraft:copper_ore":24,"minecraft:tall_grass":33,"minecraft:diorite":63,"minecraft:purple_bed":1,"create:blaze_burner":15,"create:water_wheel_structure":10,"create:gearbox":52,"minecraft:purple_concrete":2,"mysticalagriculture:tertium_furnace":2,"create:crushing_wheel":20,"create:mechanical_drill":17,"thermal:silver_ore":2,"werewolves:deepslate_silver_ore":5,"minecraft:dripstone_block":111,"minecraft:gravel":311,"minecraft:cobweb":20,"tconstruct:blood_slime_tall_grass":1,"minecraft:oak_button":2,"minecraft:stone_bricks":32,"mysticalagriculture:prudentium_farmland":5,"minecraft:fern":6,"create:deepslate_zinc_ore":7,"farmersdelight:rich_soil":3,"minecraft:oak_sapling":2,"minecraft:farmland":3,"mysticalagriculture:coal_crop":1,"minecraft:brewing_stand":2,"minecraft:grass_block":4210,"minecraft:soul_soil":29,"mysticalagriculture:inferium_farmland":29,"mysticalagriculture:aluminum_crop":3,"minecraft:glowstone":12,"minecraft:red_nether_brick_stairs":1,"minecraft:iron_ore":5,"minecraft:azure_bluet":2,"minecraft:dark_oak_stairs":1,"minecraft:pointed_dripstone":14,"evilcraft:infested_nether_nether_bricks":3,"mysticalagriculture:wood_crop":4,"create:radial_chassis":13,"minecraft:quartz_block":2,"minecraft:blackstone":172,"mysticalagriculture:inferium_crop":5,"undead_unleashed:grave_soil":3,"minecraft:calcite":6,"minecraft:poppy":1,"create:brass_casing":9,"minecraft:nether_quartz_ore":89,"minecraft:cobblestone":547,"minecraft:oak_planks":45,"minecraft:wall_torch":2,"minecraft:cauldron":1,"create:large_water_wheel":3,"minecraft:seagrass":33,"minecraft:blue_terracotta":2,"minecraft:dark_oak_slab":2,"evilcraft:infested_nether_soul_sand":3,"born_in_chaos_v1:river_mint":1,"undead_unleashed:shaded_brick_stairs":2,"minecraft:oak_log":44,"minecraft:sand":32,"minecraft:dirt":6786,"create:encased_chain_drive":25,"mysticalagriculture:deepslate_prosperity_ore":17,"minecraft:netherrack":2452,"minecraft:oak_leaves":64,"werewolves:silver_ore":9,"mysticalagriculture:prosperity_ore":20,"undead_unleashed:charstone":44,"create:brass_funnel":25,"minecraft:nether_gold_ore":9,"minecraft:tuff":2,"undead_unleashed:chiseled_shaded_bricks":2,"minecraft:deepslate_diamond_ore":2,"minecraft:candle":4,"born_in_chaos_v1:infected_diamond_ore":14,"minecraft:lever":8,"create:large_cogwheel":36,"create:depot":9,"minecraft:mangrove_trapdoor":1,"minecraft:cracked_nether_bricks":2,"farmersdelight:red_mushroom_colony":1,"minecraft:hay_block":2,"undead_unleashed:charstone_vent":10,"evilcraft:dark_ore":2,"create:windmill_bearing":4,"minecraft:gold_block":2,"minecraft:nether_brick_fence":2,"minecraft:bookshelf":24,"immersiveengineering:lantern":1,"tconstruct:budding_ichor_slime_crystal":4,"minecraft:stripped_oak_log":99,"undead_unleashed:cracked_shaded_bricks":2,"butchersdelight:deadllamablock":1,"minecraft:stone":632,"tconstruct:ichor_slime_crystal_block":34,"minecraft:scaffolding":1,"minecraft:basalt":825,"minecraft:oak_fence":316,"minecraft:crafting_table":3,"minecraft:deepslate_coal_ore":2,"minecraft:lapis_ore":23,"minecraft:spruce_stairs":2,"minecraft:ice":1,"undead_unleashed:ashthorn":3,"minecraft:coal_ore":16,"tconstruct:medium_ichor_slime_crystal_bud":1,"evilcraft:undead_log":11,"create:mechanical_crafter":56,"minecraft:cracked_stone_bricks":3,"minecraft:mossy_stone_bricks":5,"create:andesite_encased_shaft":2},"minecraft:killed_by":{"minecraft:spider":1}},"DataVersion":3120}