{"stats":{"minecraft:broken":{"minecraft:iron_boots":1,"minecraft:iron_chestplate":2,"minecraft:leather_leggings":1,"minecraft:golden_leggings":1,"minecraft:golden_chestplate":1,"create:sand_paper":4},"minecraft:dropped":{"butchersdelight:dead_cow":1,"minecraft:lapis_lazuli":3,"minecraft:glass_bottle":1,"minecraft:crossbow":1,"create:cogwheel":2,"undead_unleashed:grave_metal_scrap":4,"minecraft:leather_helmet":1,"minecraft:gold_block":128,"minecraft:dirt":592,"minecraft:raw_copper_block":55,"mowziesmobs:umvuthana_mask_bliss":3,"minecraft:gold_nugget":5,"minecraft:bone_meal":6,"minecraft:phantom_membrane":21,"minecraft:sand":712,"minecraft:white_wool":2,"minecraft:bone":10,"mowziesmobs:umvuthana_mask_rage":3,"minecraft:iron_nugget":14,"minecraft:cobbled_deepslate":2,"minecraft:wheat":1153,"butchersdelight:cleaver":1,"minecraft:rotten_flesh":50,"minecraft:oak_planks":1,"minecraft:azure_bluet":2,"evilcraft:flesh_humanoid":1,"minecraft:tipped_arrow":1,"securitycraft:reinforced_oak_planks":1,"vampirism:vampire_blood_bottle":5,"vampirism:vampire_fang":4,"mysticalagriculture:inferium_essence":45,"minecraft:quartz_block":31,"minecraft:hopper":4,"minecraft:leather_leggings":1,"grimoireofgaia:meat":9,"vampirism:pure_salt_water":1,"mysticalagriculture:supremium_pickaxe":2,"minecraft:egg":1,"farmersdelight:tomato_seeds":1,"minecraft:wheat_seeds":17,"evilcraft:condensed_blood":29,"minecraft:dripstone_block":64,"goblins:goblin_rotten_meat":1,"minecraft:oak_fence":37,"minecraft:feather":14,"minecraft:book":1,"minecraft:cobblestone":3563,"mowziesmobs:umvuthana_mask_fear":3,"minecraft:oxeye_daisy":6,"mowziesmobs:sol_visage":1,"minecraft:white_banner":1,"minecraft:string":5,"minecraft:iron_shovel":1,"vampirism:ring":2,"butchersdelight:deadpig":2,"minecraft:cocoa_beans":3,"minecraft:clay_ball":461,"minecraft:stone":4,"alexsmobs:cockroach_wing_fragment":3,"minecraft:bundle":1,"minecraft:spider_eye":12,"minecraft:bow":2,"minecraft:oak_log":2,"mowziesmobs:umvuthana_mask_faith":2,"minecraft:leather":3,"minecraft:flint":1677,"eatanomelette:enchanted_spanish_potato_omelette":6,"minecraft:gravel":1412,"vampirism:holy_water_bottle_normal":2,"mysticalagriculture:supremium_sword":2,"eatanomelette:golden_omelette":4,"minecraft:poppy":1,"minecraft:beetroot_seeds":1,"born_in_chaos_v1:corpse_maggot":9,"born_in_chaos_v1:diamond_termite_shard":5,"minecraft:arrow":5,"immersiveengineering:seed":17,"mowziesmobs:umvuthana_mask_fury":3,"minecraft:bread":170,"minecraft:water_bucket":208,"minecraft:lilac":1,"scalinghealth:cursed_heart":1,"create:chute":2,"evilcraft:dark_gem":65,"minecraft:stick":1,"evilcraft:blood_extractor":1,"born_in_chaos_v1:river_mint":1,"minecraft:torch":4,"tombstone:grave_dust":15,"mysticalagriculture:prosperity_shard":256,"minecraft:bucket":2,"minecraft:redstone_block":32,"minecraft:dandelion":1,"minecraft:redstone":64,"farmersdelight:wheat_dough":366,"butchersdelight:deadchiken":1,"evilcraft:dark_stick":5,"minecraft:kelp":8,"alexsmobs:maggot":1,"minecraft:oak_trapdoor":1,"minecraft:raw_copper":114,"mysticalagriculture:coal_essence":2,"minecraft:tuff":2,"vampirism:holy_water_bottle_ultimate":1,"minecraft:stripped_oak_log":4,"grimoireofgaia:bone_shield":1,"mowziesmobs:umvuthana_mask_misery":1,"minecraft:stone_pickaxe":2,"securitycraft:universal_block_reinforcer_lvl1":12,"minecraft:brick":1},"minecraft:used":{"create:deployer":19,"minecraft:stone":30,"create:fluid_tank":28,"create:white_sail":36,"mysticalagriculture:supremium_shovel":11299,"create:mechanical_crafter":56,"create:depot":9,"minecraft:lava_bucket":13,"minecraft:grass_block":3,"minecraft:quartz_block":2,"minecraft:dark_oak_slab":2,"create:rotation_speed_controller":6,"create:shaft":125,"create:steam_engine":5,"minecraft:oak_sapling":24,"minecraft:egg":1,"mowziesmobs:foliaath_seed":3,"mysticalagriculture:supremium_sword":736,"minecraft:diorite":14,"securitycraft:reinforced_sand":1,"minecraft:oak_leaves":1,"minecraft:sand":15,"evilcraft:undead_sapling":1,"scalinghealth:cursed_heart":1,"securitycraft:universal_block_remover":391,"mysticalagriculture:imperium_furnace":1,"minecraft:oak_pressure_plate":6,"sons_of_sins:flesh_of_demise":2,"create:basin":5,"mysticalagriculture:tertium_furnace":1,"mysticalagriculture:wood_seeds":26,"minecraft:dead_bush":1,"create:schematic_table":1,"minecraft:netherrack":1,"minecraft:torch":169,"minecraft:brewing_stand":2,"securitycraft:reinforced_dirt":1,"create:wrench":396,"minecraft:iron_block":1,"create:gearbox":28,"undead_unleashed:grave_metal_helmet":1,"create:encased_chain_drive":32,"minecraft:purple_concrete":2,"create:fluid_pipe":31,"tombstone:gift":7,"create:belt_connector":71,"minecraft:pointed_dripstone":14,"minecraft:water_bucket":40,"securitycraft:reinforced_oak_planks":1,"create:brass_tunnel":3,"minecraft:cauldron":21,"create:encased_fan":10,"minecraft:oak_slab":5,"minecraft:crafting_table":4,"minecraft:campfire":9,"minecraft:oak_log":80,"immersiveengineering:lantern":1,"werewolves:liver":1,"scalinghealth:medkit":1,"enchantinginfuser:enchanting_infuser":1,"minecraft:cobblestone":456,"minecraft:potion":1,"evilcraft:dark_tank":19,"quark:oak_chest":51,"minecraft:kelp":267,"minecraft:blue_terracotta":2,"create:portable_storage_interface":2,"create:cogwheel":331,"minecraft:carrot":1,"enchantinginfuser:advanced_enchanting_infuser":3,"minecraft:glass":21,"create:millstone":21,"minecraft:stone_bricks":3,"minecraft:item_frame":2,"farmersdelight:cutting_board":1,"create:mechanical_drill":22,"minecraft:gold_block":2,"grimoireofgaia:meat":3,"minecraft:dark_oak_stairs":1,"create:crushing_wheel":22,"minecraft:oak_planks":59,"minecraft:sugar_cane":22,"create:mechanical_saw":4,"minecraft:white_wool":6,"minecraft:dripstone_block":21,"minecraft:shears":9,"minecraft:lever":11,"securitycraft:reinforced_grass_block":82,"minecraft:bread":259,"create:andesite_casing":3,"minecraft:gravel":167,"minecraft:chainmail_boots":1,"minecraft:andesite":46,"create:vertical_gearbox":31,"minecraft:bone_meal":102,"create:large_cogwheel":68,"minecraft:oak_fence":316,"minecraft:flint_and_steel":3,"minecraft:redstone":3,"minecraft:dried_kelp":1,"create:mechanical_pump":2,"minecraft:dirt":1694,"scalinghealth:heart_crystal":77,"create:mechanical_mixer":7,"minecraft:hopper":1,"minecraft:spruce_stairs":2,"minecraft:golden_chestplate":1,"evilcraft:undead_log":2,"create:chute":15,"minecraft:iron_hoe":5,"minecraft:wooden_axe":1,"minecraft:bookshelf":42,"create:radial_chassis":22,"quark:andesite_bricks":1,"securitycraft:reinforced_glass":11118,"scalinghealth:bandages":2,"mysticalagriculture:tertium_axe":669,"create:gearshift":2,"evilcraft:blood_infuser":1,"minecraft:copper_block":1,"mysticalagriculture:supremium_pickaxe":2402,"minecraft:mangrove_trapdoor":1,"create:brass_funnel":26,"quark:acacia_chest":2,"create:schematicannon":1,"tombstone:bag_of_seeds":3,"minecraft:black_wool":1,"create:mechanical_press":11,"create:windmill_bearing":6,"mowziesmobs:sol_visage":1,"create:large_water_wheel":31,"minecraft:bucket":203,"create:hand_crank":3},"minecraft:killed":{"vampirism:vampire":4,"minecraft:cave_spider":1,"vampirism:advanced_vampire":1,"born_in_chaos_v1:zombie_lumberjack":1,"born_in_chaos_v1:baby_skeleton_minion":3,"minecraft:skeleton":26,"grimoireofgaia:mimic":2,"goblins:zombie_goblin":2,"vampirism:advanced_hunter":1,"thermal:blitz":3,"grimoireofgaia:flesh_lich":2,"undead_unleashed:frenzied_knight":3,"minecraft:pillager":9,"minecraft:zombie":62,"graveyard:nightmare":2,"hmag:creeper_girl":1,"hmag:skeleton_girl":6,"quark:toretoise":2,"minecraft:horse":2,"hmag:zombie_girl":9,"grimoireofgaia:creep":3,"born_in_chaos_v1:barrel_zombie":3,"graveyard:ghoul":23,"minecraft:wandering_trader":2,"hmag:kobold":2,"born_in_chaos_v1:bloody_gadfly":4,"minecraft:enderman":2,"minecraft:witch":1,"mowziesmobs:umvuthi":1,"minecraft:spider":20,"grimoireofgaia:minotaurus":5,"grimoireofgaia:orc":1,"grimoireofgaia:goblin":5,"born_in_chaos_v1:bonescaller":1,"born_in_chaos_v1:diamond_termite":22,"minecraft:zombie_villager":3,"born_in_chaos_v1:riding_lords_felsteed":1,"grimoireofgaia:bone_knight":5,"grimoireofgaia:cobblestone_golem":1,"minecraft:creeper":23,"minecraft:sheep":9,"undead_unleashed:shadewraith":14,"grimoireofgaia:harpy":11,"alexsmobs:fly":1,"undead_unleashed:haunter":9,"grimoireofgaia:shaman":2,"grimoireofgaia:satyress":6,"graveyard:revenant":8,"born_in_chaos_v1:zombie_bruiser":1,"grimoireofgaia:centaur":2,"minecraft:phantom":70,"born_in_chaos_v1:maggot":26,"grimoireofgaia:ender_eye":7,"grimoireofgaia:bee":1,"born_in_chaos_v1:corpse_fish":3,"hmag:ghost":13,"born_in_chaos_v1:baby_skeleton":3,"alexsmobs:emu":1,"born_in_chaos_v1:phantom_creeper_copy":2,"alexsmobs:cockroach":1,"sons_of_sins:betrayed_guzzler":2,"grimoireofgaia:arachne":1,"born_in_chaos_v1:nightmare_stalker":2,"alexsmobs:crow":1,"minecraft:villager":3},"minecraft:crafted":{"immersiveengineering:hammer":1,"minecraft:smooth_stone":18,"minecraft:lever":3,"sophisticatedbackpacks:crafting_upgrade":1,"create:schematicannon":1,"create:vertical_gearbox":3,"create:radial_chassis":12,"create:rotation_speed_controller":1,"minecraft:glass":46,"evilcraft:blood_extractor":1,"create:mechanical_press":1,"create:brass_funnel":7,"create:cogwheel":14,"evilcraft:undead_planks":4,"minecraft:wooden_shovel":1,"create:rose_quartz":1,"sophisticatedbackpacks:advanced_feeding_upgrade":1,"minecraft:copper_ingot":85,"minecraft:campfire":3,"create:encased_chain_drive":5,"farmersdelight:wheat_dough":4,"create:mechanical_mixer":1,"create:gearbox":10,"create:encased_fan":1,"sophisticatedbackpacks:refill_upgrade":1,"quark:oak_chest":13,"minecraft:gold_ingot":18,"create:schematic_and_quill":2,"create:large_cogwheel":8,"create:propeller":2,"minecraft:golden_carrot":1,"create:wrench":1,"sophisticatedbackpacks:advanced_refill_upgrade":1,"minecraft:iron_nugget":88,"minecraft:bone_meal":34,"evilcraft:dark_block":2,"securitycraft:universal_block_remover":5,"mysticalagriculture:imperium_ingot":2,"create:electron_tube":8,"create:belt_connector":6,"mysticalagriculture:imperium_furnace":1,"evilcraft:dark_tank":1,"create:brass_tunnel":6,"sophisticatedbackpacks:advanced_tool_swapper_upgrade":1,"minecraft:dried_kelp":205,"create:goggles":1,"minecraft:oak_log":368,"minecraft:golden_apple":1,"minecraft:wooden_axe":1,"evilcraft:blood_infuser":1,"create:shaft":116,"minecraft:oak_planks":334,"minecraft:barrel":1,"minecraft:stone":18,"create:deployer":1,"minecraft:dead_bush":2,"minecraft:copper_block":49,"minecraft:oak_fence":144,"create:brass_hand":1,"create:depot":1,"minecraft:oak_slab":36,"minecraft:crafting_table":9,"create:mechanical_saw":4,"create:fluid_pipe":12,"minecraft:wooden_pickaxe":2,"create:sand_paper":5,"sophisticatedbackpacks:feeding_upgrade":1,"create:gearshift":1,"sophisticatedbackpacks:upgrade_base":4,"minecraft:dispenser":1,"farmersdelight:cutting_board":1,"minecraft:paper":8,"create:water_wheel":8,"create:portable_storage_interface":2,"create:super_glue":2,"minecraft:stick":151,"minecraft:light_blue_dye":2,"create:mechanical_pump":2,"minecraft:iron_ingot":164,"mysticalagriculture:imperium_essence":16,"minecraft:shears":6,"create:chute":8,"evilcraft:dark_spike":16,"minecraft:wooden_sword":1,"minecraft:redstone":27,"create:steam_engine":1,"sophisticatedbackpacks:tool_swapper_upgrade":1,"mysticalagriculture:prosperity_ingot":2,"create:schematic_table":1,"minecraft:flint_and_steel":1,"quark:acacia_chest":2,"minecraft:iron_hoe":2,"create:empty_schematic":4,"evilcraft:dark_stick":8,"create:basin":2,"create:filter":1,"minecraft:glistering_melon_slice":1,"create:andesite_alloy":32,"create:hand_crank":1,"evilcraft:blood_infusion_core":1,"create:large_water_wheel":8,"mysticalagriculture:imperium_block":1,"scalinghealth:heart_crystal":1,"minecraft:bucket":5,"immersiveengineering:plate_gold":4,"minecraft:air":678,"create:whisk":1,"minecraft:gold_nugget":18,"create:mechanical_crafter":6,"minecraft:acacia_planks":16,"minecraft:torch":47,"create:zinc_ingot":64},"minecraft:picked_up":{"minecraft:seagrass":1,"minecraft:iron_chestplate":1,"securitycraft:reinforced_sand":1,"mysticalagriculture:supremium_sword":2,"undead_unleashed:cursed_cloth":6,"minecraft:lead":4,"minecraft:enchanted_book":1,"minecraft:brewing_stand":2,"minecraft:string":56,"butchersdelight:cleaver":1,"alexsmobs:emu_feather":2,"mysticalagriculture:inferium_essence":126,"minecraft:gold_nugget":12,"minecraft:cobbled_deepslate":3,"minecraft:mangrove_log":1,"werewolves:liver":2,"mysticalagriculture:prosperity_shard":414,"minecraft:acacia_log":4,"create:andesite_casing":58,"mysticalagriculture:inferium_seeds":2,"minecraft:golden_chestplate":1,"minecraft:cauldron":1,"quark:clear_shard":69,"grimoireofgaia:stone_coal":2,"eatanomelette:enchanted_spanish_potato_omelette":6,"minecraft:feather":45,"minecraft:water_bucket":82,"minecraft:copper_block":1,"minecraft:flint":371,"butchersdelight:deadpig":3,"minecraft:map":1,"undead_unleashed:shaded_bricks":1,"create:encased_chain_drive":23,"farmersdelight:wheat_dough":3,"create:mechanical_drill":17,"create:shaft":101,"minecraft:glowstone_dust":4,"grimoireofgaia:box_overworld":1,"vampirism:ring":1,"quark:andesite_bricks":1,"minecraft:dark_oak_log":2,"securitycraft:universal_block_remover":1,"minecraft:bundle":4,"minecraft:blue_terracotta":2,"minecraft:lever":7,"minecraft:writable_book":1,"undead_unleashed:mossy_shaded_bricks":2,"minecraft:bread":156,"alexsmobs:maggot":1,"minecraft:crafting_table":4,"minecraft:clay_ball":39,"born_in_chaos_v1:seedof_chaos":1,"minecraft:leather_leggings":1,"grimoireofgaia:projectile_bomb":2,"minecraft:cornflower":2,"minecraft:flint_and_steel":2,"minecraft:iron_shovel":1,"butchersdelight:dead_cow":5,"undead_unleashed:grave_metal_ingot":2,"create:brass_funnel":21,"thermal:niter":6,"minecraft:iron_nugget":41,"minecraft:poppy":3,"minecraft:egg":2,"create:polished_rose_quartz":9,"minecraft:stone":17,"werewolves:raw_silver":28,"minecraft:carrot":4,"minecraft:redstone":185,"create:brass_casing":8,"minecraft:mangrove_trapdoor":1,"minecraft:prismarine_crystals":2,"create:vertical_gearbox":30,"mowziesmobs:umvuthana_mask_faith":2,"minecraft:tnt":1,"butchersdelight:deadsheep":6,"grimoireofgaia:bag_book":1,"minecraft:hay_block":2,"mowziesmobs:umvuthana_mask_bliss":3,"create:depot":8,"tombstone:essence_of_undeath":1,"minecraft:rail":1,"minecraft:white_wool":5,"minecraft:oxeye_daisy":7,"minecraft:stripped_oak_log":4,"vampirism:vampire_blood_bottle":3,"born_in_chaos_v1:monster_flesh":2,"grimoireofgaia:bone_shield":3,"minecraft:oak_log":38,"scalinghealth:bandages":27,"securitycraft:reinforced_glass":12215,"scalinghealth:medkit":1,"minecraft:white_banner":2,"butchersdelight:deadchiken":4,"create:crushing_wheel":21,"minecraft:apple":1,"minecraft:stone_bricks":4,"mowziesmobs:umvuthana_mask_rage":3,"minecraft:kelp":627,"alexsmobs:cockroach_wing_fragment":6,"minecraft:stone_pickaxe":2,"scalinghealth:power_crystal_shard":9,"tombstone:bag_of_seeds":3,"undead_unleashed:grave_metal_boots":1,"minecraft:dark_oak_stairs":1,"thermal:blitz_rod":8,"minecraft:dark_oak_slab":2,"immersiveengineering:lantern":1,"evilcraft:dark_stick":5,"minecraft:gravel":1018,"grimoireofgaia:box_iron":1,"eatanomelette:golden_omelette":4,"create:gearbox":18,"minecraft:leather_helmet":1,"create:millstone":16,"minecraft:purple_bed":1,"immersiveengineering:seed":161,"minecraft:scute":1,"grimoireofgaia:rotten_heart":4,"mysticalagriculture:supremium_pickaxe":2,"mowziesmobs:umvuthana_mask_fear":3,"grimoireofgaia:weapon_book_battle":1,"minecraft:hopper":5,"minecraft:ender_pearl":22,"minecraft:wheat":235,"minecraft:redstone_block":32,"create:mechanical_crafter":57,"goblins:goblin_rotten_meat":1,"minecraft:potion":1,"securitycraft:reinforced_oak_planks":2,"evilcraft:ender_tear":2,"minecraft:raw_copper":196,"minecraft:oak_sign":1,"create:mechanical_press":10,"minecraft:bucket":106,"evilcraft:blood_extractor":1,"minecraft:tipped_arrow":1,"minecraft:stick":71,"create:mechanical_mixer":6,"mowziesmobs:sol_visage":1,"minecraft:oak_fence":315,"born_in_chaos_v1:phantom_powder":3,"minecraft:torch":52,"minecraft:spruce_stairs":2,"minecraft:dried_kelp":5,"vampirism:vampire_fang":2,"tombstone:grave_dust":40,"minecraft:pointed_dripstone":77,"minecraft:diorite":40,"born_in_chaos_v1:nightmare_claw":2,"create:large_cogwheel":38,"minecraft:quartz_block":33,"minecraft:rotten_flesh":194,"undead_unleashed:shaded_brick_stairs":2,"evilcraft:condensed_blood":29,"minecraft:cobblestone":3344,"minecraft:leather_chestplate":1,"minecraft:lilac":1,"create:fluid_tank":3,"minecraft:andesite":418,"minecraft:potato":1,"create:belt_connector":29,"minecraft:tuff":2,"create:raw_zinc":96,"minecraft:lapis_lazuli":383,"minecraft:dirt":10947,"born_in_chaos_v1:monster_skin":4,"minecraft:glass":128,"minecraft:bone":84,"minecraft:bow":3,"minecraft:wheat_seeds":162,"minecraft:oak_planks":48,"create:radial_chassis":13,"thermal:raw_tin":2,"hmag:soul_powder":23,"create:cogwheel":177,"minecraft:oak_pressure_plate":3,"minecraft:poisonous_potato":1,"evilcraft:dark_gem_crushed":4,"undead_unleashed:grave_metal_leggings":1,"minecraft:sand":784,"minecraft:dead_bush":4,"minecraft:grass_block":4,"hmag:kobold_leather":3,"sons_of_sins:flesh_of_demise":2,"minecraft:sugar":3,"minecraft:diamond":3,"minecraft:crossbow":1,"minecraft:bone_meal":4,"butchersdelight:deadllama":3,"scalinghealth:cursed_heart":3,"minecraft:oak_sapling":16,"minecraft:oak_leaves":9,"born_in_chaos_v1:diamond_termite_shard":22,"minecraft:azure_bluet":2,"minecraft:splash_potion":1,"born_in_chaos_v1:river_mint":6,"evilcraft:dark_power_gem":1,"create:rotation_speed_controller":5,"minecraft:gold_block":130,"minecraft:brick":7,"minecraft:oak_trapdoor":1,"minecraft:wooden_sword":1,"minecraft:item_frame":2,"create:chute":15,"graveyard:corruption":45,"minecraft:candle":10,"grimoireofgaia:honeydew":3,"create:basin":4,"evilcraft:hardened_blood_shard":23,"minecraft:sugar_cane":85,"minecraft:phantom_membrane":137,"minecraft:raw_iron":10,"grimoireofgaia:meat":32,"create:golden_sheet":1,"minecraft:copper_ingot":35,"create:windmill_bearing":4,"create:hand_crank":1,"undead_unleashed:chiseled_shaded_bricks":2,"create:deployer":5,"minecraft:arrow":30,"undead_unleashed:cracked_shaded_bricks":2,"mowziesmobs:umvuthana_mask_fury":3,"born_in_chaos_v1:corpse_maggot":16,"farmersdelight:rich_soil":3,"minecraft:glow_ink_sac":14,"minecraft:leather":18,"minecraft:gunpowder":62,"scalinghealth:heart_crystal":76,"mysticalagriculture:tertium_furnace":2,"minecraft:iron_ingot":5,"securitycraft:universal_block_reinforcer_lvl1":5,"mowziesmobs:umvuthana_mask_misery":1,"minecraft:purple_concrete":2,"minecraft:book":2,"minecraft:oak_slab":5,"evilcraft:undead_log":11,"scalinghealth:heart_crystal_shard":14,"create:large_water_wheel":13,"minecraft:dandelion":23,"mysticalagriculture:aluminum_seeds":3,"minecraft:quartz":124,"minecraft:dripstone_block":127,"undead_unleashed:grave_metal_scrap":30,"create:brass_tunnel":3,"mysticalagriculture:wood_seeds":2,"quark:oak_chest":15,"minecraft:spider_eye":48,"evilcraft:dark_tank":19,"securitycraft:reinforced_grass_block":117,"evilcraft:dark_gem":79,"create:encased_fan":9,"tombstone:magic_scroll":3,"minecraft:black_wool":1,"minecraft:coal":73},"minecraft:custom":{"minecraft:interact_with_crafting_table":14,"minecraft:open_barrel":13,"minecraft:leave_game":15,"minecraft:time_since_death":1020754,"minecraft:play_time":1254577,"minecraft:deaths":1,"minecraft:jump":11908,"minecraft:interact_with_furnace":37,"minecraft:interact_with_cartography_table":1,"minecraft:sleep_in_bed":8,"minecraft:damage_dealt":170222,"tombstone:undead_killed":267,"minecraft:interact_with_smoker":2,"minecraft:use_cauldron":27,"minecraft:interact_with_smithing_table":4,"minecraft:interact_with_anvil":3,"minecraft:damage_dealt_absorbed":120,"minecraft:sneak_time":14417,"minecraft:interact_with_blast_furnace":5,"minecraft:total_world_time":1254577,"tombstone:raider_killed":80,"minecraft:time_since_rest":225739,"minecraft:swim_one_cm":363773,"minecraft:fly_one_cm":2929243,"minecraft:open_chest":1740,"minecraft:fall_one_cm":297477,"minecraft:sprint_one_cm":3327146,"minecraft:drop":877,"minecraft:talked_to_villager":17,"minecraft:walk_on_water_one_cm":57926,"minecraft:crouch_one_cm":61975,"tombstone:villager_killed":5,"minecraft:mob_kills":469,"minecraft:damage_dealt_resisted":11156,"minecraft:climb_one_cm":10238,"minecraft:walk_one_cm":3875492,"minecraft:walk_under_water_one_cm":121543,"minecraft:damage_taken":49782},"minecraft:mined":{"create:brass_tunnel":3,"evilcraft:undead_leaves":1,"create:andesite_casing":58,"thermal:tin_ore":2,"minecraft:acacia_log":4,"minecraft:oak_pressure_plate":3,"minecraft:hopper":1,"create:belt":29,"create:rotation_speed_controller":5,"minecraft:oxeye_daisy":2,"mysticalagriculture:inferium_ore":6,"minecraft:tall_seagrass":12,"minecraft:fire":1,"minecraft:oak_sign":1,"create:mechanical_press":10,"create:cogwheel":170,"minecraft:kelp_plant":86,"undead_unleashed:ancient_dirt":50,"minecraft:torch":33,"minecraft:dead_bush":1,"minecraft:glass":21,"minecraft:sugar_cane":46,"create:basin":4,"minecraft:lilac":1,"create:mechanical_mixer":6,"create:brass_belt_funnel":4,"minecraft:copper_block":1,"minecraft:grass":351,"create:hand_crank":1,"minecraft:deepslate":2,"evilcraft:hardened_blood":4,"create:zinc_ore":35,"create:millstone":16,"quark:andesite_bricks":1,"evilcraft:dark_tank":19,"create:fluid_tank":3,"born_in_chaos_v1:puddleofintoxication":2,"minecraft:redstone_wire":3,"create:encased_fan":9,"minecraft:kelp":16,"minecraft:redstone_ore":18,"create:shaft":78,"minecraft:andesite":425,"minecraft:vine":3,"create:chute":14,"create:deployer":5,"minecraft:oak_slab":5,"minecraft:mangrove_stairs":1,"undead_unleashed:shaded_bricks":1,"quark:oak_chest":15,"minecraft:dandelion":8,"minecraft:cornflower":2,"undead_unleashed:mossy_shaded_bricks":2,"minecraft:tall_grass":29,"minecraft:copper_ore":24,"minecraft:diorite":62,"create:water_wheel_structure":10,"minecraft:purple_bed":1,"create:gearbox":50,"minecraft:purple_concrete":2,"create:mechanical_drill":17,"mysticalagriculture:tertium_furnace":2,"create:crushing_wheel":20,"thermal:silver_ore":2,"werewolves:deepslate_silver_ore":4,"minecraft:gravel":309,"minecraft:dripstone_block":109,"minecraft:stone_bricks":4,"minecraft:fern":2,"create:deepslate_zinc_ore":7,"minecraft:oak_sapling":1,"farmersdelight:rich_soil":3,"minecraft:farmland":3,"minecraft:brewing_stand":2,"minecraft:grass_block":4149,"mysticalagriculture:inferium_farmland":1,"mysticalagriculture:aluminum_crop":3,"minecraft:iron_ore":4,"minecraft:azure_bluet":2,"minecraft:dark_oak_stairs":1,"minecraft:pointed_dripstone":14,"mysticalagriculture:wood_crop":2,"create:radial_chassis":13,"minecraft:quartz_block":2,"mysticalagriculture:inferium_crop":2,"undead_unleashed:grave_soil":3,"minecraft:poppy":1,"create:brass_casing":8,"minecraft:cobblestone":335,"minecraft:oak_planks":40,"minecraft:wall_torch":1,"minecraft:cauldron":1,"create:large_water_wheel":3,"minecraft:seagrass":33,"minecraft:blue_terracotta":2,"minecraft:dark_oak_slab":2,"born_in_chaos_v1:river_mint":1,"undead_unleashed:shaded_brick_stairs":2,"minecraft:oak_log":35,"minecraft:sand":32,"minecraft:dirt":6557,"create:encased_chain_drive":24,"mysticalagriculture:deepslate_prosperity_ore":17,"minecraft:oak_leaves":56,"werewolves:silver_ore":9,"create:brass_funnel":20,"mysticalagriculture:prosperity_ore":20,"minecraft:tuff":1,"undead_unleashed:chiseled_shaded_bricks":2,"minecraft:candle":4,"minecraft:deepslate_diamond_ore":1,"born_in_chaos_v1:infected_diamond_ore":14,"minecraft:lever":6,"create:large_cogwheel":35,"create:depot":8,"minecraft:mangrove_trapdoor":1,"farmersdelight:red_mushroom_colony":1,"minecraft:hay_block":2,"evilcraft:dark_ore":2,"create:windmill_bearing":4,"minecraft:gold_block":2,"immersiveengineering:lantern":1,"minecraft:stripped_oak_log":4,"undead_unleashed:cracked_shaded_bricks":2,"minecraft:stone":600,"minecraft:oak_fence":316,"minecraft:crafting_table":3,"minecraft:lapis_ore":23,"minecraft:spruce_stairs":2,"minecraft:coal_ore":16,"evilcraft:undead_log":11,"create:mechanical_crafter":56},"minecraft:killed_by":{"minecraft:spider":1}},"DataVersion":3120}