{"stats":{"minecraft:broken":{"minecraft:iron_boots":2,"minecraft:iron_chestplate":4,"minecraft:iron_leggings":1,"undead_unleashed:grave_metal_leggings":1,"minecraft:chainmail_leggings":1,"minecraft:leather_leggings":1,"minecraft:golden_leggings":1,"minecraft:golden_chestplate":1,"create:sand_paper":4},"minecraft:dropped":{"butchersdelight:dead_cow":1,"minecraft:lapis_lazuli":3,"minecraft:glass_bottle":1,"minecraft:crossbow":1,"minecraft:weeping_vines":1,"create:cogwheel":2,"undead_unleashed:grave_metal_scrap":5,"minecraft:leather_helmet":1,"minecraft:gold_block":128,"born_in_chaos_v1:monster_flesh":1,"minecraft:dirt":593,"minecraft:raw_copper_block":55,"mowziesmobs:umvuthana_mask_bliss":3,"minecraft:chain":1,"minecraft:gold_nugget":28,"minecraft:phantom_membrane":21,"minecraft:bone_meal":8,"minecraft:sand":712,"mysticalagriculture:soulstone_cobble":32,"minecraft:white_wool":2,"quark:oak_chest":1,"minecraft:bone":10,"mowziesmobs:umvuthana_mask_rage":3,"minecraft:iron_nugget":32,"minecraft:cobbled_deepslate":2,"minecraft:nether_brick":2,"minecraft:wheat":1153,"butchersdelight:cleaver":1,"minecraft:obsidian":1,"minecraft:rotten_flesh":73,"minecraft:oak_planks":1,"minecraft:glowstone_dust":1,"undead_unleashed:ashthorn":2,"minecraft:azure_bluet":2,"minecraft:salmon":1,"evilcraft:flesh_humanoid":1,"minecraft:tipped_arrow":1,"securitycraft:reinforced_oak_planks":1,"vampirism:vampire_blood_bottle":5,"vampirism:vampire_fang":4,"mysticalagriculture:inferium_essence":77,"minecraft:quartz_block":31,"minecraft:hopper":4,"minecraft:leather_leggings":1,"minecraft:red_nether_bricks":13,"minecraft:beef":1,"grimoireofgaia:meat":9,"vampirism:pure_salt_water":1,"mysticalagriculture:supremium_pickaxe":2,"farmersdelight:tomato_seeds":1,"minecraft:egg":1,"create:mechanical_mixer":2,"minecraft:wheat_seeds":18,"evilcraft:condensed_blood":29,"minecraft:dripstone_block":64,"minecraft:feather":14,"minecraft:oak_fence":37,"goblins:goblin_rotten_meat":1,"minecraft:book":7,"minecraft:cobblestone":3647,"mowziesmobs:umvuthana_mask_fear":3,"minecraft:apple":436,"minecraft:coal":2,"grimoireofgaia:rotten_heart":1,"minecraft:oxeye_daisy":6,"mowziesmobs:sol_visage":1,"minecraft:white_banner":1,"minecraft:paper":5,"minecraft:string":10,"minecraft:iron_shovel":2,"vampirism:ring":2,"butchersdelight:deadpig":2,"minecraft:stone_sword":3,"minecraft:cocoa_beans":3,"minecraft:chicken":1,"minecraft:clay_ball":461,"securitycraft:reinforced_cobblestone":2,"minecraft:stone":4,"alexsmobs:cockroach_wing_fragment":3,"minecraft:bundle":1,"minecraft:spider_eye":15,"minecraft:bow":2,"minecraft:magma_block":1,"minecraft:oak_log":2508,"mowziesmobs:umvuthana_mask_faith":2,"minecraft:leather":9,"minecraft:flint":2488,"minecraft:mutton":4,"eatanomelette:enchanted_spanish_potato_omelette":6,"minecraft:snowball":48,"minecraft:gold_ingot":141,"minecraft:gravel":1936,"born_in_chaos_v1:fire_dust":1,"vampirism:holy_water_bottle_normal":2,"mysticalagriculture:wood_essence":70,"mysticalagriculture:supremium_sword":2,"eatanomelette:golden_omelette":4,"minecraft:poppy":1,"minecraft:gunpowder":5,"minecraft:beetroot_seeds":1,"born_in_chaos_v1:corpse_maggot":9,"born_in_chaos_v1:diamond_termite_shard":5,"minecraft:basalt":40,"minecraft:arrow":20,"minecraft:netherrack":54,"minecraft:quartz":3,"immersiveengineering:seed":18,"mowziesmobs:umvuthana_mask_fury":3,"minecraft:bread":170,"minecraft:water_bucket":208,"minecraft:lilac":1,"scalinghealth:cursed_heart":1,"create:chute":2,"evilcraft:dark_gem":65,"minecraft:stick":13,"securitycraft:reinforced_dark_oak_planks":16,"evilcraft:blood_extractor":1,"born_in_chaos_v1:river_mint":1,"minecraft:torch":5,"minecraft:fire_charge":1,"tombstone:grave_dust":32,"mysticalagriculture:prosperity_shard":256,"minecraft:bucket":4,"minecraft:redstone_block":32,"minecraft:dandelion":2,"farmersdelight:wheat_dough":366,"minecraft:redstone":64,"butchersdelight:deadchiken":1,"evilcraft:dark_stick":5,"minecraft:kelp":11,"alexsmobs:maggot":1,"minecraft:oak_trapdoor":1,"minecraft:raw_copper":114,"mysticalagriculture:coal_essence":2,"minecraft:tuff":2,"vampirism:holy_water_bottle_ultimate":1,"minecraft:stripped_oak_log":4,"hmag:lemon":2,"grimoireofgaia:bone_shield":1,"securitycraft:reinforced_grass_block":1,"mowziesmobs:umvuthana_mask_misery":1,"minecraft:andesite":2,"minecraft:oak_sapling":664,"minecraft:stone_pickaxe":2,"securitycraft:universal_block_reinforcer_lvl1":12,"minecraft:brick":1},"minecraft:used":{"minecraft:nether_brick_fence":2,"create:deployer":25,"minecraft:stone":30,"minecraft:red_nether_brick_stairs":1,"create:fluid_tank":37,"create:white_sail":73,"mysticalagriculture:supremium_shovel":11743,"create:mechanical_crafter":56,"create:depot":17,"minecraft:snowball":9,"minecraft:lava_bucket":156,"minecraft:grass_block":3,"minecraft:quartz_block":2,"minecraft:dark_oak_slab":2,"create:rotation_speed_controller":8,"create:shaft":243,"create:steam_engine":5,"minecraft:oak_sapling":24,"minecraft:egg":1,"mowziesmobs:foliaath_seed":3,"mysticalagriculture:supremium_sword":1205,"minecraft:diorite":14,"securitycraft:reinforced_sand":1,"minecraft:blackstone":171,"minecraft:oak_leaves":1,"create:spout":2,"minecraft:sand":15,"evilcraft:undead_sapling":1,"scalinghealth:cursed_heart":2,"securitycraft:universal_block_remover":853,"mysticalagriculture:imperium_furnace":1,"scalinghealth:enchanted_heart":1,"minecraft:oak_pressure_plate":6,"sons_of_sins:flesh_of_demise":2,"create:basin":18,"mysticalagriculture:tertium_furnace":1,"mysticalagriculture:wood_seeds":26,"minecraft:oak_trapdoor":21,"minecraft:dead_bush":1,"create:schematic_table":1,"minecraft:netherrack":1204,"minecraft:torch":187,"minecraft:brewing_stand":2,"minecraft:nether_brick_slab":1,"securitycraft:reinforced_dirt":4,"create:wrench":758,"create:gearbox":54,"minecraft:iron_block":1,"undead_unleashed:grave_metal_helmet":1,"minecraft:diamond_chestplate":1,"create:encased_chain_drive":33,"minecraft:basalt":605,"minecraft:purple_concrete":2,"tombstone:gift":7,"create:fluid_pipe":84,"securitycraft:reinforced_dark_oak_planks":2,"create:belt_connector":95,"minecraft:pointed_dripstone":56,"minecraft:water_bucket":76,"securitycraft:reinforced_oak_planks":121,"create:brass_tunnel":10,"minecraft:cauldron":57,"create:blaze_burner":27,"minecraft:rail":1,"create:encased_fan":10,"minecraft:oak_slab":5,"minecraft:crafting_table":4,"minecraft:campfire":9,"quark:glass_item_frame":2,"minecraft:oak_log":186,"mysticalagriculture:soulstone_cobble":5,"minecraft:oak_button":4,"immersiveengineering:lantern":1,"create:water_wheel":2,"werewolves:liver":1,"scalinghealth:medkit":1,"enchantinginfuser:enchanting_infuser":1,"minecraft:potion":2,"minecraft:cobblestone":799,"evilcraft:dark_tank":19,"minecraft:stripped_oak_log":66,"quark:oak_chest":91,"minecraft:kelp":267,"minecraft:blue_terracotta":2,"create:portable_storage_interface":2,"create:mechanical_bearing":4,"create:minecart_contraption":2,"create:cogwheel":462,"minecraft:nether_bricks":28,"minecraft:carrot":1,"enchantinginfuser:advanced_enchanting_infuser":3,"minecraft:obsidian":62,"minecraft:glass":21,"create:millstone":21,"minecraft:stone_bricks":118,"minecraft:item_frame":2,"farmersdelight:cutting_board":1,"minecraft:magma_block":15,"create:mechanical_drill":22,"minecraft:gold_block":2,"grimoireofgaia:meat":3,"minecraft:dark_oak_stairs":1,"minecraft:diamond_boots":1,"create:crushing_wheel":22,"minecraft:wither_skeleton_skull":1,"minecraft:oak_planks":74,"minecraft:sugar_cane":22,"create:mechanical_saw":4,"undead_unleashed:grave_metal_leggings":1,"minecraft:white_wool":6,"minecraft:dripstone_block":65,"minecraft:shears":9,"minecraft:lever":15,"securitycraft:reinforced_grass_block":184,"minecraft:bread":549,"create:andesite_casing":5,"minecraft:iron_door":1,"minecraft:gravel":169,"minecraft:chainmail_boots":1,"minecraft:andesite":50,"create:vertical_gearbox":58,"minecraft:bone_meal":102,"create:large_cogwheel":92,"minecraft:oak_fence":316,"minecraft:flint_and_steel":4,"create:item_vault":17,"minecraft:redstone":3,"minecraft:dried_kelp":1,"create:mechanical_pump":9,"minecraft:dirt":1801,"scalinghealth:heart_crystal":95,"create:mechanical_mixer":17,"minecraft:hopper":2,"minecraft:spruce_stairs":2,"minecraft:golden_chestplate":1,"evilcraft:undead_log":2,"create:chute":18,"minecraft:iron_hoe":5,"minecraft:wooden_axe":1,"minecraft:bookshelf":62,"create:cart_assembler":1,"scalinghealth:power_crystal":2,"create:radial_chassis":26,"quark:andesite_bricks":1,"minecraft:soul_soil":6,"securitycraft:reinforced_glass":11525,"minecraft:minecart":5,"scalinghealth:bandages":2,"mysticalagriculture:tertium_axe":933,"create:gearshift":5,"create:empty_blaze_burner":1,"evilcraft:blood_infuser":1,"minecraft:copper_block":1,"scalinghealth:chance_heart":9,"minecraft:chiseled_nether_bricks":1,"mysticalagriculture:supremium_pickaxe":6918,"minecraft:mangrove_trapdoor":1,"create:brass_funnel":47,"quark:acacia_chest":2,"create:schematicannon":1,"tombstone:bag_of_seeds":3,"minecraft:black_wool":1,"create:mechanical_press":17,"create:windmill_bearing":9,"undead_unleashed:grave_metal_boots":1,"create:large_water_wheel":34,"mowziesmobs:sol_visage":1,"minecraft:bucket":244,"create:hand_crank":11,"minecraft:splash_potion":3},"minecraft:killed":{"hmag:wither_skeleton_girl":4,"vampirism:vampire":4,"minecraft:cave_spider":1,"vampirism:advanced_vampire":2,"born_in_chaos_v1:restless_spirit":5,"born_in_chaos_v1:zombie_lumberjack":1,"born_in_chaos_v1:skeleton_demoman":1,"hmag:fortress_keeper":4,"born_in_chaos_v1:siamese_skeletonsright":1,"born_in_chaos_v1:baby_skeleton_minion":3,"minecraft:skeleton":51,"grimoireofgaia:mimic":2,"goblins:zombie_goblin":2,"alexsmobs:leafcutter_ant":7,"alexsmobs:capuchin_monkey":1,"born_in_chaos_v1:skeleton_thrasher":1,"vampirism:advanced_hunter":1,"born_in_chaos_v1:supreme_bonescaller_stage_2":1,"thermal:blitz":3,"grimoireofgaia:flesh_lich":2,"minecraft:magma_cube":19,"born_in_chaos_v1:bone_imp":5,"grimoireofgaia:hunter":2,"undead_unleashed:frenzied_knight":3,"minecraft:pillager":9,"minecraft:zombie":66,"grimoireofgaia:deathword":1,"born_in_chaos_v1:corpse_fly":3,"thermal:basalz":3,"graveyard:nightmare":2,"hmag:creeper_girl":1,"hmag:skeleton_girl":8,"quark:toretoise":2,"born_in_chaos_v1:firelight":2,"minecraft:horse":2,"hmag:zombie_girl":10,"grimoireofgaia:creep":3,"born_in_chaos_v1:barrel_zombie":4,"graveyard:ghoul":23,"born_in_chaos_v1:bone_imp_minion":1,"minecraft:wandering_trader":2,"born_in_chaos_v1:decrepit_skeleton":4,"hmag:kobold":2,"born_in_chaos_v1:bloody_gadfly":8,"minecraft:enderman":3,"evilcraft:netherfish":6,"minecraft:witch":1,"mowziesmobs:umvuthi":1,"minecraft:spider":22,"grimoireofgaia:minotaurus":8,"grimoireofgaia:orc":1,"grimoireofgaia:goblin":5,"undead_unleashed:flamebreather":2,"minecraft:piglin":2,"born_in_chaos_v1:bonescaller":2,"born_in_chaos_v1:diamond_termite":22,"minecraft:zombie_villager":4,"born_in_chaos_v1:riding_lords_felsteed":1,"grimoireofgaia:bone_knight":5,"grimoireofgaia:cobblestone_golem":1,"hmag:kasha":1,"hmag:wither_ghost":2,"minecraft:creeper":28,"minecraft:sheep":9,"undead_unleashed:shadewraith":14,"born_in_chaos_v1:dread_hound":2,"grimoireofgaia:harpy":11,"alexsmobs:fly":1,"undead_unleashed:haunter":15,"minecraft:blaze":21,"born_in_chaos_v1:siamese_skeletonsleft":1,"grimoireofgaia:shaman":2,"grimoireofgaia:satyress":6,"graveyard:revenant":8,"grimoireofgaia:succubus":14,"grimoireofgaia:centaur":4,"born_in_chaos_v1:zombie_bruiser":1,"born_in_chaos_v1:maggot":37,"minecraft:phantom":73,"grimoireofgaia:ender_eye":7,"grimoireofgaia:bee":1,"alexsmobs:soul_vulture":1,"born_in_chaos_v1:corpse_fish":17,"born_in_chaos_v1:siamese_skeletons":1,"hmag:ghost":15,"born_in_chaos_v1:baby_skeleton":6,"born_in_chaos_v1:swarmer":1,"quark:foxhound":6,"alexsmobs:emu":1,"born_in_chaos_v1:phantom_creeper_copy":2,"sons_of_sins:betrayed_guzzler":2,"alexsmobs:cockroach":1,"grimoireofgaia:arachne":1,"born_in_chaos_v1:nightmare_stalker":2,"alexsmobs:crow":1,"grimoireofgaia:wither_cow":6,"minecraft:wither_skeleton":27,"minecraft:villager":3},"minecraft:crafted":{"immersiveengineering:hammer":1,"minecraft:smooth_stone":18,"sophisticatedbackpacks:anvil_upgrade":1,"sophisticatedbackpacks:crafting_upgrade":1,"minecraft:lever":6,"create:schematicannon":1,"create:radial_chassis":12,"create:vertical_gearbox":11,"create:rotation_speed_controller":2,"minecraft:glass":46,"minecraft:diamond_leggings":1,"create:mechanical_press":3,"evilcraft:blood_extractor":1,"minecraft:iron_door":3,"create:brass_funnel":17,"create:cogwheel":15,"scalinghealth:power_crystal":2,"evilcraft:undead_planks":4,"minecraft:wooden_shovel":1,"create:rose_quartz":1,"sophisticatedbackpacks:advanced_feeding_upgrade":1,"minecraft:copper_ingot":85,"minecraft:campfire":3,"create:encased_chain_drive":5,"farmersdelight:wheat_dough":4,"create:mechanical_mixer":1,"create:gearbox":23,"create:encased_fan":1,"sophisticatedbackpacks:refill_upgrade":1,"quark:oak_chest":16,"minecraft:gold_ingot":24,"create:schematic_and_quill":2,"create:large_cogwheel":8,"create:propeller":2,"minecraft:golden_carrot":1,"create:wrench":1,"sophisticatedbackpacks:advanced_refill_upgrade":1,"minecraft:iron_nugget":115,"create:white_sail":2,"minecraft:bone_meal":34,"evilcraft:dark_block":2,"securitycraft:universal_block_remover":6,"mysticalagriculture:imperium_ingot":2,"minecraft:diamond_boots":1,"create:electron_tube":8,"create:belt_connector":7,"mysticalagriculture:imperium_furnace":1,"evilcraft:dark_tank":1,"create:brass_tunnel":6,"sophisticatedbackpacks:advanced_tool_swapper_upgrade":1,"minecraft:dried_kelp":205,"create:goggles":1,"minecraft:oak_log":368,"minecraft:golden_apple":1,"minecraft:wooden_axe":1,"evilcraft:blood_infuser":1,"create:shaft":180,"minecraft:oak_planks":334,"minecraft:barrel":1,"minecraft:stone":82,"create:mechanical_bearing":2,"create:deployer":1,"create:cart_assembler":1,"minecraft:dead_bush":2,"create:spout":2,"minecraft:oak_button":2,"minecraft:copper_block":49,"minecraft:rail":16,"minecraft:stone_bricks":16,"minecraft:oak_fence":144,"create:brass_hand":1,"create:depot":8,"minecraft:oak_slab":36,"minecraft:crafting_table":9,"create:mechanical_saw":4,"create:fluid_pipe":16,"minecraft:wooden_pickaxe":2,"create:sand_paper":5,"sophisticatedbackpacks:feeding_upgrade":1,"create:gearshift":3,"sophisticatedbackpacks:upgrade_base":5,"minecraft:dispenser":1,"farmersdelight:cutting_board":1,"minecraft:paper":8,"create:water_wheel":9,"create:portable_storage_interface":2,"create:super_glue":2,"minecraft:stick":151,"minecraft:light_blue_dye":2,"create:mechanical_pump":7,"minecraft:iron_ingot":209,"mysticalagriculture:imperium_essence":16,"minecraft:shears":7,"create:empty_blaze_burner":1,"create:chute":8,"evilcraft:dark_spike":16,"minecraft:wooden_sword":1,"minecraft:redstone":27,"create:steam_engine":1,"sophisticatedbackpacks:tool_swapper_upgrade":1,"mysticalagriculture:prosperity_ingot":2,"create:schematic_table":1,"minecraft:flint_and_steel":2,"quark:acacia_chest":2,"minecraft:iron_hoe":2,"create:empty_schematic":4,"evilcraft:dark_stick":8,"create:basin":4,"create:filter":1,"minecraft:glistering_melon_slice":1,"create:andesite_alloy":38,"create:hand_crank":3,"evilcraft:blood_infusion_core":1,"create:large_water_wheel":9,"mysticalagriculture:imperium_block":1,"scalinghealth:heart_crystal":3,"minecraft:bucket":11,"minecraft:air":807,"immersiveengineering:plate_gold":4,"create:whisk":1,"minecraft:gold_nugget":18,"create:mechanical_crafter":6,"minecraft:anvil":2,"minecraft:acacia_planks":16,"minecraft:torch":47,"create:zinc_ingot":64,"minecraft:diamond_chestplate":1},"minecraft:picked_up":{"minecraft:seagrass":1,"minecraft:iron_chestplate":1,"securitycraft:reinforced_sand":1,"mysticalagriculture:supremium_sword":2,"undead_unleashed:cursed_cloth":6,"minecraft:lead":6,"minecraft:wither_rose":1,"minecraft:enchanted_book":2,"minecraft:brewing_stand":2,"minecraft:string":106,"minecraft:soul_soil":29,"minecraft:red_nether_bricks":13,"securitycraft:reinforced_dirt":63,"butchersdelight:cleaver":1,"alexsmobs:emu_feather":2,"mysticalagriculture:inferium_essence":176,"minecraft:gold_nugget":85,"minecraft:cobbled_deepslate":3,"minecraft:mangrove_log":1,"werewolves:liver":2,"mysticalagriculture:prosperity_shard":414,"minecraft:acacia_log":4,"create:andesite_casing":130,"undead_unleashed:ghost_pepper":1,"mysticalagriculture:inferium_seeds":2,"tconstruct:scorched_lantern":14,"minecraft:golden_chestplate":1,"minecraft:cauldron":1,"minecraft:chiseled_nether_bricks":1,"create:schematic_and_quill":1,"vampirism:blood_bottle":4,"minecraft:stone_sword":3,"quark:clear_shard":71,"grimoireofgaia:stone_coal":2,"grimoireofgaia:box_nether":3,"thermal:slag":8,"minecraft:blaze_rod":36,"minecraft:snowball":139,"born_in_chaos_v1:staffof_magic_arrows":1,"eatanomelette:enchanted_spanish_potato_omelette":6,"minecraft:magma_block":16,"minecraft:feather":45,"minecraft:water_bucket":82,"minecraft:copper_block":1,"minecraft:flint":729,"butchersdelight:deadpig":3,"minecraft:map":1,"undead_unleashed:shaded_bricks":1,"create:encased_chain_drive":24,"farmersdelight:wheat_dough":3,"create:mechanical_drill":17,"create:shaft":109,"mysticalagriculture:soulium_dust":41,"minecraft:glowstone_dust":61,"grimoireofgaia:box_overworld":1,"vampirism:ring":1,"create:empty_blaze_burner":1,"quark:andesite_bricks":1,"scalinghealth:enchanted_heart":1,"minecraft:dark_oak_log":2,"grimoireofgaia:fireshard":24,"securitycraft:universal_block_remover":1,"minecraft:bundle":5,"minecraft:blue_terracotta":2,"minecraft:lever":10,"minecraft:writable_book":1,"undead_unleashed:mossy_shaded_bricks":2,"minecraft:bread":156,"alexsmobs:maggot":1,"born_in_chaos_v1:rotten_fish":6,"minecraft:crafting_table":4,"minecraft:clay_ball":39,"born_in_chaos_v1:seedof_chaos":1,"minecraft:leather_leggings":1,"grimoireofgaia:projectile_bomb":2,"minecraft:cornflower":2,"create:fluid_pipe":5,"alexsmobs:pigshoes":1,"minecraft:flint_and_steel":2,"minecraft:iron_shovel":2,"butchersdelight:dead_cow":5,"undead_unleashed:grave_metal_ingot":2,"create:brass_funnel":26,"born_in_chaos_v1:gnawed_bones":1,"thermal:niter":6,"minecraft:iron_nugget":209,"minecraft:poppy":3,"minecraft:minecart":5,"minecraft:egg":2,"create:polished_rose_quartz":9,"minecraft:stone":17,"securitycraft:reinforced_cobblestone":3,"minecraft:fire_charge":9,"werewolves:raw_silver":28,"minecraft:carrot":4,"minecraft:redstone":185,"create:brass_casing":9,"minecraft:mangrove_trapdoor":1,"minecraft:prismarine_crystals":2,"create:vertical_gearbox":31,"mowziesmobs:umvuthana_mask_faith":2,"minecraft:tnt":1,"butchersdelight:deadsheep":6,"grimoireofgaia:bag_book":1,"minecraft:hay_block":2,"create:depot":9,"mowziesmobs:umvuthana_mask_bliss":3,"tombstone:essence_of_undeath":1,"minecraft:gold_ingot":56,"minecraft:rail":2,"minecraft:white_wool":5,"minecraft:bone_block":8,"minecraft:oxeye_daisy":7,"minecraft:stripped_oak_log":99,"vampirism:vampire_blood_bottle":3,"born_in_chaos_v1:monster_flesh":3,"grimoireofgaia:bone_shield":3,"minecraft:oak_log":1693,"scalinghealth:bandages":30,"minecraft:golden_boots":1,"minecraft:paper":5,"undead_unleashed:charstone_shard":572,"securitycraft:reinforced_glass":13168,"scalinghealth:medkit":1,"minecraft:white_banner":3,"butchersdelight:deadchiken":4,"create:crushing_wheel":21,"minecraft:apple":143,"minecraft:stone_bricks":84,"mowziesmobs:umvuthana_mask_rage":3,"minecraft:kelp":630,"alexsmobs:cockroach_wing_fragment":6,"minecraft:stone_pickaxe":2,"scalinghealth:power_crystal_shard":16,"tombstone:bag_of_seeds":3,"undead_unleashed:grave_metal_boots":2,"minecraft:dark_oak_stairs":1,"thermal:blitz_rod":8,"undead_unleashed:ashthorn":16,"minecraft:dark_oak_slab":2,"evilcraft:dark_stick":5,"immersiveengineering:lantern":1,"born_in_chaos_v1:orbofthe_summoner":1,"born_in_chaos_v1:ethereal_spirit":6,"minecraft:cracked_nether_bricks":2,"minecraft:gravel":1472,"create:schematic":1,"grimoireofgaia:box_iron":2,"securitycraft:reinforced_dark_oak_planks":26,"eatanomelette:golden_omelette":4,"minecraft:crying_obsidian":10,"create:gearbox":18,"minecraft:leather_helmet":1,"create:millstone":16,"minecraft:purple_bed":1,"immersiveengineering:seed":162,"minecraft:scute":1,"grimoireofgaia:rotten_heart":5,"mysticalagriculture:supremium_pickaxe":2,"minecraft:oak_button":2,"mowziesmobs:umvuthana_mask_fear":3,"grimoireofgaia:weapon_book_battle":1,"minecraft:hopper":5,"minecraft:ender_pearl":35,"minecraft:wheat":235,"minecraft:redstone_block":32,"minecraft:nether_brick_fence":2,"create:mechanical_crafter":57,"goblins:goblin_rotten_meat":1,"minecraft:potion":3,"minecraft:nether_brick":58,"securitycraft:reinforced_oak_planks":229,"thermal:basalz_rod":10,"evilcraft:ender_tear":3,"minecraft:raw_copper":196,"tconstruct:ichor_slime_crystal_block":32,"minecraft:oak_sign":1,"create:mechanical_press":12,"minecraft:bucket":143,"minecraft:calcite":6,"evilcraft:blood_extractor":1,"minecraft:iron_boots":1,"minecraft:tipped_arrow":1,"minecraft:stick":449,"create:mechanical_mixer":8,"mowziesmobs:sol_visage":1,"minecraft:oak_fence":315,"born_in_chaos_v1:phantom_powder":3,"minecraft:torch":66,"minecraft:spruce_stairs":2,"minecraft:dried_kelp":5,"vampirism:vampire_fang":2,"tombstone:grave_dust":59,"minecraft:pointed_dripstone":77,"minecraft:diorite":40,"born_in_chaos_v1:nightmare_claw":2,"create:large_cogwheel":47,"minecraft:quartz_block":33,"minecraft:rotten_flesh":220,"undead_unleashed:shaded_brick_stairs":2,"evilcraft:condensed_blood":29,"minecraft:obsidian":135,"minecraft:cobblestone":3720,"minecraft:leather_chestplate":2,"minecraft:lilac":1,"minecraft:magma_cream":8,"create:fluid_tank":3,"minecraft:andesite":492,"minecraft:potato":1,"create:belt_connector":31,"minecraft:tuff":2,"create:raw_zinc":96,"minecraft:wither_skeleton_skull":1,"minecraft:lapis_lazuli":383,"minecraft:dirt":11248,"hmag:evil_crystal_fragment":5,"born_in_chaos_v1:monster_skin":5,"minecraft:glass":133,"minecraft:bone":147,"minecraft:bow":4,"minecraft:wheat_seeds":163,"minecraft:raw_gold":1,"minecraft:oak_planks":59,"create:radial_chassis":13,"tconstruct:necrotic_bone":64,"thermal:raw_tin":2,"hmag:soul_powder":37,"create:cogwheel":189,"minecraft:oak_pressure_plate":3,"minecraft:poisonous_potato":1,"evilcraft:dark_gem_crushed":4,"undead_unleashed:grave_metal_leggings":2,"minecraft:sand":784,"minecraft:dead_bush":4,"minecraft:grass_block":6,"hmag:kobold_leather":3,"minecraft:spectral_arrow":45,"sons_of_sins:flesh_of_demise":2,"minecraft:sugar":3,"born_in_chaos_v1:fire_dust":8,"minecraft:diamond":3,"grimoireofgaia:withered_brain":11,"minecraft:crossbow":1,"hmag:burning_core":9,"minecraft:bone_meal":14,"scalinghealth:cursed_heart":4,"butchersdelight:deadllama":4,"minecraft:emerald":1,"minecraft:oak_sapling":479,"minecraft:netherrack":2183,"minecraft:charcoal":18,"minecraft:oak_leaves":9,"born_in_chaos_v1:diamond_termite_shard":22,"mysticalagriculture:soulstone_cobble":237,"minecraft:azure_bluet":2,"minecraft:splash_potion":4,"born_in_chaos_v1:river_mint":6,"evilcraft:dark_power_gem":1,"create:rotation_speed_controller":5,"minecraft:gold_block":130,"minecraft:chain":2,"minecraft:brick":23,"minecraft:shield":1,"minecraft:oak_trapdoor":1,"minecraft:wooden_sword":1,"minecraft:item_frame":2,"create:chute":18,"minecraft:blackstone":237,"graveyard:corruption":45,"minecraft:candle":10,"grimoireofgaia:honeydew":3,"scalinghealth:chance_heart":8,"create:basin":8,"evilcraft:hardened_blood_shard":23,"minecraft:sugar_cane":100,"minecraft:phantom_membrane":145,"minecraft:raw_iron":10,"tconstruct:raw_cobalt":2,"grimoireofgaia:meat":32,"create:golden_sheet":1,"minecraft:copper_ingot":35,"create:windmill_bearing":4,"create:hand_crank":1,"undead_unleashed:chiseled_shaded_bricks":2,"alexsmobs:leafcutter_ant_pupa":2,"create:deployer":7,"minecraft:arrow":58,"minecraft:weeping_vines":1,"minecraft:nether_bricks":29,"undead_unleashed:cracked_shaded_bricks":2,"born_in_chaos_v1:fused_bone":2,"mowziesmobs:umvuthana_mask_fury":3,"born_in_chaos_v1:corpse_maggot":34,"farmersdelight:rich_soil":3,"minecraft:basalt":807,"minecraft:glow_ink_sac":15,"minecraft:salmon":1,"minecraft:leather":71,"minecraft:gunpowder":185,"create:blaze_burner":14,"scalinghealth:heart_crystal":92,"mysticalagriculture:tertium_furnace":2,"minecraft:red_nether_brick_stairs":1,"minecraft:iron_ingot":5,"securitycraft:universal_block_reinforcer_lvl1":5,"mowziesmobs:umvuthana_mask_misery":1,"minecraft:soul_sand":104,"minecraft:purple_concrete":2,"minecraft:book":77,"minecraft:oak_slab":5,"evilcraft:undead_log":11,"scalinghealth:heart_crystal_shard":23,"create:large_water_wheel":13,"quark:glass_item_frame":1,"mysticalagriculture:aluminum_seeds":3,"minecraft:quartz":387,"minecraft:dandelion":24,"minecraft:dripstone_block":130,"minecraft:lava_bucket":45,"undead_unleashed:grave_metal_scrap":58,"create:brass_tunnel":6,"minecraft:nether_brick_slab":1,"mysticalagriculture:wood_seeds":2,"quark:oak_chest":26,"minecraft:spider_eye":57,"evilcraft:dark_tank":19,"securitycraft:reinforced_grass_block":288,"minecraft:chainmail_leggings":1,"evilcraft:dark_gem":79,"create:encased_fan":9,"hmag:lemon":2,"tombstone:magic_scroll":4,"minecraft:black_wool":1,"minecraft:coal":154},"minecraft:custom":{"minecraft:interact_with_crafting_table":15,"minecraft:open_barrel":32,"minecraft:leave_game":16,"minecraft:time_since_death":1584121,"minecraft:play_time":1817944,"minecraft:deaths":1,"minecraft:jump":17550,"minecraft:enchant_item":7,"minecraft:interact_with_furnace":40,"minecraft:interact_with_cartography_table":1,"minecraft:sleep_in_bed":8,"minecraft:damage_dealt":272064,"tombstone:undead_killed":373,"minecraft:interact_with_smoker":2,"minecraft:use_cauldron":27,"minecraft:interact_with_smithing_table":4,"minecraft:interact_with_anvil":3,"minecraft:damage_dealt_absorbed":120,"minecraft:sneak_time":45606,"minecraft:interact_with_blast_furnace":6,"minecraft:total_world_time":1817944,"tombstone:raider_killed":83,"minecraft:time_since_rest":789106,"minecraft:swim_one_cm":524985,"minecraft:fly_one_cm":3869587,"minecraft:open_chest":2606,"minecraft:fall_one_cm":441491,"minecraft:damage_resisted":399,"minecraft:sprint_one_cm":4831402,"minecraft:drop":1180,"minecraft:talked_to_villager":17,"minecraft:walk_on_water_one_cm":61409,"tombstone:steal_effect":7,"minecraft:crouch_one_cm":221154,"tombstone:villager_killed":5,"minecraft:mob_kills":722,"minecraft:damage_dealt_resisted":28029,"minecraft:climb_one_cm":10292,"minecraft:walk_one_cm":5561986,"minecraft:walk_under_water_one_cm":158318,"minecraft:damage_taken":85699,"minecraft:minecart_one_cm":1272},"minecraft:mined":{"create:brass_tunnel":5,"evilcraft:undead_leaves":1,"create:andesite_casing":130,"minecraft:red_nether_bricks":13,"thermal:tin_ore":2,"minecraft:obsidian":128,"minecraft:acacia_log":4,"minecraft:oak_pressure_plate":3,"minecraft:hopper":1,"create:belt":31,"create:rotation_speed_controller":5,"minecraft:oxeye_daisy":2,"mysticalagriculture:inferium_ore":6,"minecraft:weeping_vines_plant":1,"minecraft:tall_seagrass":12,"minecraft:magma_block":15,"minecraft:fire":17,"tconstruct:cobalt_ore":1,"minecraft:oak_sign":1,"create:mechanical_press":13,"create:cogwheel":175,"minecraft:kelp_plant":86,"minecraft:crimson_nylium":1,"undead_unleashed:ancient_dirt":50,"minecraft:torch":43,"minecraft:dead_bush":1,"minecraft:nether_brick_slab":1,"minecraft:glass":21,"minecraft:sugar_cane":63,"create:basin":8,"mysticalagriculture:soulium_ore":11,"create:brass_belt_funnel":4,"minecraft:lilac":1,"create:mechanical_mixer":8,"minecraft:copper_block":1,"minecraft:grass":364,"create:hand_crank":1,"minecraft:deepslate":2,"evilcraft:hardened_blood":4,"create:zinc_ore":35,"mysticalagriculture:soulstone":243,"quark:andesite_bricks":1,"create:millstone":16,"evilcraft:dark_tank":19,"create:fluid_tank":3,"minecraft:nether_bricks":28,"born_in_chaos_v1:puddleofintoxication":2,"minecraft:redstone_wire":3,"create:encased_fan":9,"minecraft:kelp":16,"minecraft:redstone_ore":18,"create:shaft":81,"minecraft:snow":68,"minecraft:andesite":437,"minecraft:vine":3,"minecraft:rail":1,"create:chute":17,"create:deployer":8,"minecraft:bone_block":8,"minecraft:oak_slab":5,"minecraft:mangrove_stairs":1,"undead_unleashed:shaded_bricks":1,"minecraft:chiseled_nether_bricks":1,"minecraft:soul_sand":83,"quark:oak_chest":26,"minecraft:dandelion":9,"minecraft:cornflower":2,"create:fluid_pipe":6,"undead_unleashed:mossy_shaded_bricks":2,"minecraft:campfire":9,"minecraft:tall_grass":29,"minecraft:copper_ore":24,"minecraft:diorite":62,"minecraft:purple_bed":1,"create:blaze_burner":15,"create:water_wheel_structure":10,"create:gearbox":52,"minecraft:purple_concrete":2,"mysticalagriculture:tertium_furnace":2,"create:mechanical_drill":17,"create:crushing_wheel":20,"thermal:silver_ore":2,"werewolves:deepslate_silver_ore":4,"minecraft:gravel":311,"minecraft:dripstone_block":111,"tconstruct:blood_slime_tall_grass":1,"minecraft:oak_button":2,"minecraft:stone_bricks":25,"minecraft:fern":5,"create:deepslate_zinc_ore":7,"farmersdelight:rich_soil":3,"minecraft:oak_sapling":2,"minecraft:farmland":3,"minecraft:brewing_stand":2,"minecraft:grass_block":4210,"minecraft:soul_soil":29,"mysticalagriculture:inferium_farmland":1,"mysticalagriculture:aluminum_crop":3,"minecraft:glowstone":12,"minecraft:red_nether_brick_stairs":1,"minecraft:iron_ore":4,"minecraft:azure_bluet":2,"minecraft:dark_oak_stairs":1,"minecraft:pointed_dripstone":14,"evilcraft:infested_nether_nether_bricks":3,"mysticalagriculture:wood_crop":2,"create:radial_chassis":13,"minecraft:quartz_block":2,"minecraft:blackstone":172,"mysticalagriculture:inferium_crop":2,"undead_unleashed:grave_soil":3,"minecraft:calcite":6,"minecraft:poppy":1,"create:brass_casing":9,"minecraft:nether_quartz_ore":89,"minecraft:cobblestone":538,"minecraft:oak_planks":45,"minecraft:wall_torch":1,"minecraft:cauldron":1,"create:large_water_wheel":3,"minecraft:seagrass":33,"minecraft:blue_terracotta":2,"minecraft:dark_oak_slab":2,"evilcraft:infested_nether_soul_sand":3,"born_in_chaos_v1:river_mint":1,"undead_unleashed:shaded_brick_stairs":2,"minecraft:oak_log":44,"minecraft:sand":32,"minecraft:dirt":6762,"create:encased_chain_drive":25,"mysticalagriculture:deepslate_prosperity_ore":17,"minecraft:netherrack":2452,"minecraft:oak_leaves":64,"werewolves:silver_ore":9,"undead_unleashed:charstone":44,"create:brass_funnel":25,"minecraft:nether_gold_ore":9,"mysticalagriculture:prosperity_ore":20,"minecraft:tuff":1,"undead_unleashed:chiseled_shaded_bricks":2,"minecraft:candle":4,"minecraft:deepslate_diamond_ore":1,"born_in_chaos_v1:infected_diamond_ore":14,"minecraft:lever":8,"create:large_cogwheel":36,"create:depot":9,"minecraft:mangrove_trapdoor":1,"minecraft:cracked_nether_bricks":2,"farmersdelight:red_mushroom_colony":1,"minecraft:hay_block":2,"undead_unleashed:charstone_vent":10,"evilcraft:dark_ore":2,"create:windmill_bearing":4,"minecraft:gold_block":2,"minecraft:nether_brick_fence":2,"minecraft:bookshelf":24,"immersiveengineering:lantern":1,"tconstruct:budding_ichor_slime_crystal":4,"minecraft:stripped_oak_log":99,"undead_unleashed:cracked_shaded_bricks":2,"butchersdelight:deadllamablock":1,"minecraft:stone":619,"tconstruct:ichor_slime_crystal_block":34,"minecraft:basalt":821,"minecraft:oak_fence":316,"minecraft:crafting_table":3,"minecraft:lapis_ore":23,"minecraft:spruce_stairs":2,"minecraft:ice":1,"undead_unleashed:ashthorn":3,"minecraft:coal_ore":16,"tconstruct:medium_ichor_slime_crystal_bud":1,"evilcraft:undead_log":11,"create:mechanical_crafter":56,"create:andesite_encased_shaft":2},"minecraft:killed_by":{"minecraft:spider":1}},"DataVersion":3120}