{"stats":{"minecraft:mined":{"create:deepslate_zinc_ore":7,"minecraft:farmland":2,"create:brass_tunnel":3,"evilcraft:undead_leaves":1,"create:andesite_casing":53,"thermal:tin_ore":2,"minecraft:brewing_stand":2,"minecraft:acacia_log":4,"minecraft:grass_block":4143,"minecraft:oak_pressure_plate":3,"create:belt":29,"create:rotation_speed_controller":5,"minecraft:oxeye_daisy":2,"mysticalagriculture:inferium_ore":6,"minecraft:tall_seagrass":12,"minecraft:iron_ore":4,"minecraft:fire":1,"minecraft:azure_bluet":2,"minecraft:dark_oak_stairs":1,"minecraft:pointed_dripstone":14,"minecraft:oak_sign":1,"create:mechanical_press":8,"create:cogwheel":168,"minecraft:quartz_block":2,"minecraft:kelp_plant":86,"undead_unleashed:ancient_dirt":50,"minecraft:torch":25,"undead_unleashed:grave_soil":3,"minecraft:dead_bush":1,"create:brass_casing":8,"minecraft:glass":2,"minecraft:cobblestone":297,"minecraft:oak_planks":14,"minecraft:sugar_cane":26,"create:large_water_wheel":3,"create:basin":2,"minecraft:seagrass":33,"minecraft:blue_terracotta":2,"minecraft:dark_oak_slab":2,"create:mechanical_mixer":6,"create:brass_belt_funnel":1,"born_in_chaos_v1:river_mint":1,"undead_unleashed:shaded_brick_stairs":2,"minecraft:grass":332,"minecraft:oak_log":9,"minecraft:sand":32,"minecraft:dirt":6472,"create:encased_chain_drive":23,"mysticalagriculture:deepslate_prosperity_ore":17,"minecraft:oak_leaves":33,"evilcraft:hardened_blood":4,"werewolves:silver_ore":9,"minecraft:deepslate":2,"create:zinc_ore":35,"create:brass_funnel":19,"mysticalagriculture:prosperity_ore":20,"minecraft:tuff":1,"quark:andesite_bricks":1,"create:millstone":16,"undead_unleashed:chiseled_shaded_bricks":2,"evilcraft:dark_tank":19,"minecraft:deepslate_diamond_ore":1,"minecraft:candle":4,"born_in_chaos_v1:infected_diamond_ore":14,"minecraft:lever":6,"create:large_cogwheel":35,"born_in_chaos_v1:puddleofintoxication":2,"create:depot":5,"minecraft:redstone_wire":3,"create:encased_fan":9,"minecraft:mangrove_trapdoor":1,"minecraft:kelp":13,"minecraft:redstone_ore":18,"create:shaft":73,"minecraft:andesite":379,"evilcraft:dark_ore":2,"minecraft:gold_block":2,"minecraft:vine":3,"create:chute":14,"immersiveengineering:lantern":1,"minecraft:stripped_oak_log":4,"create:deployer":1,"undead_unleashed:cracked_shaded_bricks":2,"minecraft:stone":600,"minecraft:mangrove_stairs":1,"undead_unleashed:shaded_bricks":1,"quark:oak_chest":12,"minecraft:dandelion":6,"minecraft:oak_fence":316,"minecraft:crafting_table":3,"minecraft:cornflower":1,"undead_unleashed:mossy_shaded_bricks":2,"minecraft:tall_grass":24,"minecraft:copper_ore":24,"minecraft:lapis_ore":23,"minecraft:diorite":62,"create:water_wheel_structure":10,"minecraft:purple_bed":1,"create:gearbox":47,"minecraft:purple_concrete":2,"mysticalagriculture:tertium_furnace":2,"create:crushing_wheel":18,"create:mechanical_drill":17,"thermal:silver_ore":2,"minecraft:coal_ore":16,"evilcraft:undead_log":11,"werewolves:deepslate_silver_ore":4,"create:mechanical_crafter":56,"minecraft:gravel":309,"minecraft:dripstone_block":102,"minecraft:stone_bricks":4,"minecraft:fern":1},"minecraft:killed_by":{"minecraft:spider":1},"minecraft:killed":{"vampirism:vampire":3,"minecraft:cave_spider":1,"minecraft:witch":1,"vampirism:advanced_vampire":1,"born_in_chaos_v1:zombie_lumberjack":1,"mowziesmobs:umvuthi":1,"minecraft:spider":14,"grimoireofgaia:minotaurus":3,"minecraft:skeleton":24,"grimoireofgaia:mimic":2,"goblins:zombie_goblin":2,"vampirism:advanced_hunter":1,"thermal:blitz":3,"grimoireofgaia:flesh_lich":2,"minecraft:zombie_villager":3,"born_in_chaos_v1:diamond_termite":22,"born_in_chaos_v1:riding_lords_felsteed":1,"grimoireofgaia:bone_knight":5,"minecraft:creeper":22,"minecraft:sheep":8,"undead_unleashed:frenzied_knight":1,"minecraft:pillager":9,"minecraft:zombie":57,"undead_unleashed:shadewraith":14,"grimoireofgaia:harpy":11,"alexsmobs:fly":1,"undead_unleashed:haunter":7,"grimoireofgaia:satyress":1,"graveyard:nightmare":2,"hmag:creeper_girl":1,"hmag:skeleton_girl":5,"quark:toretoise":2,"born_in_chaos_v1:zombie_bruiser":1,"grimoireofgaia:centaur":1,"born_in_chaos_v1:maggot":26,"minecraft:phantom":70,"minecraft:horse":2,"grimoireofgaia:ender_eye":7,"hmag:zombie_girl":9,"grimoireofgaia:creep":3,"born_in_chaos_v1:corpse_fish":2,"born_in_chaos_v1:barrel_zombie":2,"hmag:ghost":10,"born_in_chaos_v1:baby_skeleton":1,"minecraft:wandering_trader":1,"alexsmobs:emu":1,"hmag:kobold":2,"born_in_chaos_v1:phantom_creeper_copy":2,"born_in_chaos_v1:bloody_gadfly":3,"alexsmobs:cockroach":1,"sons_of_sins:betrayed_guzzler":2,"grimoireofgaia:arachne":1,"born_in_chaos_v1:nightmare_stalker":2,"minecraft:villager":3,"minecraft:enderman":2},"minecraft:broken":{"minecraft:leather_leggings":1,"minecraft:iron_boots":1,"minecraft:iron_chestplate":1,"minecraft:golden_leggings":1,"minecraft:golden_chestplate":1,"create:sand_paper":3},"minecraft:picked_up":{"securitycraft:reinforced_sand":1,"minecraft:seagrass":1,"minecraft:iron_chestplate":1,"minecraft:wheat":13,"minecraft:redstone_block":32,"create:mechanical_crafter":57,"mysticalagriculture:supremium_sword":1,"undead_unleashed:cursed_cloth":6,"minecraft:lead":2,"goblins:goblin_rotten_meat":1,"minecraft:brewing_stand":2,"securitycraft:reinforced_oak_planks":2,"minecraft:string":47,"evilcraft:ender_tear":2,"minecraft:raw_copper":196,"minecraft:oak_sign":1,"butchersdelight:cleaver":1,"create:mechanical_press":8,"alexsmobs:emu_feather":2,"mysticalagriculture:inferium_essence":110,"minecraft:gold_nugget":9,"minecraft:cobbled_deepslate":3,"evilcraft:blood_extractor":1,"minecraft:mangrove_log":1,"minecraft:tipped_arrow":1,"minecraft:stick":71,"create:mechanical_mixer":6,"create:andesite_casing":53,"mowziesmobs:sol_visage":1,"minecraft:torch":43,"minecraft:oak_fence":315,"born_in_chaos_v1:phantom_powder":3,"minecraft:acacia_log":4,"mysticalagriculture:prosperity_shard":414,"werewolves:liver":2,"minecraft:dried_kelp":5,"minecraft:pointed_dripstone":77,"minecraft:diorite":40,"tombstone:grave_dust":31,"vampirism:vampire_fang":2,"born_in_chaos_v1:nightmare_claw":2,"minecraft:golden_chestplate":1,"create:large_cogwheel":38,"minecraft:quartz_block":33,"quark:clear_shard":6,"minecraft:rotten_flesh":159,"grimoireofgaia:stone_coal":2,"undead_unleashed:shaded_brick_stairs":2,"evilcraft:condensed_blood":29,"minecraft:cobblestone":3307,"eatanomelette:enchanted_spanish_potato_omelette":6,"minecraft:leather_chestplate":1,"minecraft:feather":42,"minecraft:andesite":372,"minecraft:potato":1,"create:belt_connector":29,"butchersdelight:deadpig":3,"minecraft:flint":371,"minecraft:tuff":2,"create:raw_zinc":96,"minecraft:lapis_lazuli":383,"minecraft:dirt":10844,"undead_unleashed:shaded_bricks":1,"create:encased_chain_drive":22,"born_in_chaos_v1:monster_skin":4,"minecraft:glass":128,"minecraft:bone":62,"minecraft:bow":3,"minecraft:wheat_seeds":161,"create:mechanical_drill":17,"create:shaft":96,"minecraft:glowstone_dust":3,"minecraft:oak_planks":22,"thermal:raw_tin":2,"grimoireofgaia:box_overworld":1,"hmag:soul_powder":19,"create:cogwheel":176,"vampirism:ring":1,"minecraft:oak_pressure_plate":3,"evilcraft:dark_gem_crushed":4,"minecraft:sand":777,"quark:andesite_bricks":1,"minecraft:grass_block":4,"minecraft:dead_bush":4,"hmag:kobold_leather":3,"minecraft:dark_oak_log":2,"sons_of_sins:flesh_of_demise":2,"securitycraft:universal_block_remover":1,"minecraft:bundle":4,"minecraft:blue_terracotta":2,"minecraft:sugar":3,"minecraft:diamond":3,"minecraft:lever":7,"minecraft:crossbow":1,"minecraft:bone_meal":2,"undead_unleashed:mossy_shaded_bricks":2,"minecraft:bread":156,"butchersdelight:deadllama":3,"scalinghealth:cursed_heart":3,"alexsmobs:maggot":1,"minecraft:oak_sapling":1,"minecraft:oak_leaves":9,"minecraft:crafting_table":4,"born_in_chaos_v1:diamond_termite_shard":22,"minecraft:azure_bluet":2,"evilcraft:dark_power_gem":1,"born_in_chaos_v1:river_mint":6,"minecraft:clay_ball":39,"minecraft:leather_leggings":1,"create:rotation_speed_controller":5,"minecraft:gold_block":130,"minecraft:brick":7,"minecraft:cornflower":1,"minecraft:iron_shovel":1,"create:chute":15,"butchersdelight:dead_cow":5,"graveyard:corruption":8,"minecraft:candle":10,"create:brass_funnel":19,"thermal:niter":6,"create:basin":2,"minecraft:iron_nugget":24,"minecraft:poppy":2,"evilcraft:hardened_blood_shard":23,"minecraft:sugar_cane":45,"minecraft:phantom_membrane":137,"minecraft:egg":2,"minecraft:raw_iron":10,"minecraft:stone":17,"grimoireofgaia:meat":3,"create:golden_sheet":1,"minecraft:copper_ingot":35,"werewolves:raw_silver":28,"create:brass_casing":8,"minecraft:carrot":1,"undead_unleashed:chiseled_shaded_bricks":2,"minecraft:redstone":185,"minecraft:mangrove_trapdoor":1,"minecraft:prismarine_crystals":2,"create:vertical_gearbox":30,"create:deployer":1,"mowziesmobs:umvuthana_mask_faith":2,"minecraft:tnt":1,"minecraft:arrow":27,"butchersdelight:deadsheep":6,"undead_unleashed:cracked_shaded_bricks":2,"create:depot":5,"mowziesmobs:umvuthana_mask_bliss":3,"tombstone:essence_of_undeath":1,"minecraft:white_wool":5,"minecraft:rail":1,"minecraft:oxeye_daisy":7,"minecraft:stripped_oak_log":4,"born_in_chaos_v1:corpse_maggot":15,"mowziesmobs:umvuthana_mask_fury":3,"vampirism:vampire_blood_bottle":3,"born_in_chaos_v1:monster_flesh":2,"minecraft:glow_ink_sac":14,"minecraft:leather":9,"grimoireofgaia:bone_shield":3,"minecraft:oak_log":10,"scalinghealth:bandages":22,"minecraft:gunpowder":59,"scalinghealth:heart_crystal":71,"securitycraft:reinforced_glass":8786,"minecraft:white_banner":2,"scalinghealth:medkit":1,"butchersdelight:deadchiken":4,"mysticalagriculture:tertium_furnace":2,"create:crushing_wheel":21,"minecraft:stone_bricks":4,"mowziesmobs:umvuthana_mask_rage":3,"minecraft:kelp":620,"alexsmobs:cockroach_wing_fragment":6,"minecraft:iron_ingot":5,"minecraft:stone_pickaxe":2,"scalinghealth:power_crystal_shard":6,"securitycraft:universal_block_reinforcer_lvl1":5,"undead_unleashed:grave_metal_boots":1,"tombstone:bag_of_seeds":3,"mowziesmobs:umvuthana_mask_misery":1,"minecraft:dark_oak_stairs":1,"minecraft:purple_concrete":2,"minecraft:book":1,"scalinghealth:heart_crystal_shard":14,"create:large_water_wheel":13,"thermal:blitz_rod":8,"evilcraft:undead_log":11,"minecraft:dark_oak_slab":2,"minecraft:quartz":124,"immersiveengineering:lantern":1,"evilcraft:dark_stick":5,"minecraft:dandelion":21,"minecraft:dripstone_block":121,"minecraft:gravel":965,"undead_unleashed:grave_metal_scrap":28,"grimoireofgaia:box_iron":1,"create:brass_tunnel":3,"eatanomelette:golden_omelette":4,"evilcraft:dark_tank":19,"quark:oak_chest":12,"create:gearbox":15,"minecraft:spider_eye":36,"minecraft:leather_helmet":1,"create:millstone":16,"minecraft:purple_bed":1,"immersiveengineering:seed":156,"securitycraft:reinforced_grass_block":47,"create:encased_fan":9,"evilcraft:dark_gem":79,"minecraft:scute":1,"mysticalagriculture:supremium_pickaxe":2,"mowziesmobs:umvuthana_mask_fear":3,"tombstone:magic_scroll":3,"minecraft:black_wool":1,"minecraft:coal":73,"minecraft:hopper":4,"minecraft:ender_pearl":21},"minecraft:crafted":{"minecraft:smooth_stone":18,"minecraft:oak_planks":330,"immersiveengineering:hammer":1,"minecraft:stone":18,"sophisticatedbackpacks:crafting_upgrade":1,"minecraft:lever":3,"create:schematicannon":1,"create:deployer":1,"create:vertical_gearbox":3,"create:rotation_speed_controller":1,"minecraft:glass":31,"evilcraft:blood_extractor":1,"create:mechanical_press":1,"minecraft:dead_bush":2,"minecraft:copper_block":49,"create:brass_funnel":5,"create:cogwheel":13,"minecraft:oak_fence":144,"create:brass_hand":1,"evilcraft:undead_planks":4,"create:depot":1,"minecraft:oak_slab":6,"create:rose_quartz":1,"minecraft:crafting_table":9,"minecraft:copper_ingot":29,"create:sand_paper":4,"create:gearshift":1,"create:encased_chain_drive":5,"sophisticatedbackpacks:upgrade_base":1,"create:mechanical_mixer":1,"create:gearbox":9,"create:encased_fan":1,"minecraft:dispenser":1,"farmersdelight:cutting_board":1,"minecraft:paper":8,"create:water_wheel":8,"create:super_glue":2,"minecraft:stick":144,"quark:oak_chest":10,"minecraft:light_blue_dye":2,"minecraft:iron_ingot":126,"minecraft:gold_ingot":18,"create:schematic_and_quill":2,"create:large_cogwheel":8,"create:propeller":2,"mysticalagriculture:imperium_essence":16,"minecraft:shears":5,"create:chute":8,"evilcraft:dark_spike":16,"minecraft:redstone":18,"create:wrench":1,"minecraft:iron_nugget":88,"mysticalagriculture:prosperity_ingot":2,"minecraft:bone_meal":5,"create:schematic_table":1,"minecraft:flint_and_steel":1,"evilcraft:dark_block":2,"quark:acacia_chest":2,"securitycraft:universal_block_remover":4,"minecraft:iron_hoe":2,"create:empty_schematic":4,"mysticalagriculture:imperium_ingot":2,"evilcraft:dark_stick":8,"create:basin":1,"create:electron_tube":8,"create:belt_connector":6,"mysticalagriculture:imperium_furnace":1,"create:andesite_alloy":32,"evilcraft:dark_tank":1,"evilcraft:blood_infusion_core":1,"create:brass_tunnel":6,"minecraft:dried_kelp":141,"create:goggles":1,"create:large_water_wheel":8,"mysticalagriculture:imperium_block":1,"scalinghealth:heart_crystal":1,"minecraft:bucket":4,"immersiveengineering:plate_gold":4,"minecraft:air":428,"minecraft:oak_log":320,"create:whisk":1,"evilcraft:blood_infuser":1,"create:mechanical_crafter":6,"create:shaft":100,"minecraft:acacia_planks":16,"minecraft:torch":47,"create:zinc_ingot":64},"minecraft:dropped":{"butchersdelight:dead_cow":1,"minecraft:lapis_lazuli":3,"mowziesmobs:umvuthana_mask_faith":2,"create:cogwheel":2,"minecraft:leather":3,"undead_unleashed:grave_metal_scrap":2,"minecraft:flint":239,"minecraft:gold_block":128,"minecraft:dirt":577,"mowziesmobs:umvuthana_mask_bliss":3,"eatanomelette:enchanted_spanish_potato_omelette":6,"minecraft:phantom_membrane":4,"minecraft:bone_meal":6,"minecraft:gold_nugget":3,"minecraft:sand":711,"minecraft:white_wool":1,"minecraft:bone":5,"minecraft:gravel":1278,"mowziesmobs:umvuthana_mask_rage":3,"minecraft:iron_nugget":6,"minecraft:cobbled_deepslate":2,"vampirism:holy_water_bottle_normal":2,"minecraft:wheat":77,"butchersdelight:cleaver":1,"minecraft:rotten_flesh":29,"mysticalagriculture:supremium_sword":1,"minecraft:azure_bluet":2,"evilcraft:flesh_humanoid":1,"eatanomelette:golden_omelette":4,"minecraft:tipped_arrow":1,"securitycraft:reinforced_oak_planks":1,"vampirism:vampire_blood_bottle":5,"vampirism:vampire_fang":4,"minecraft:quartz_block":31,"minecraft:hopper":4,"born_in_chaos_v1:corpse_maggot":7,"mysticalagriculture:inferium_essence":43,"born_in_chaos_v1:diamond_termite_shard":5,"minecraft:arrow":3,"vampirism:pure_salt_water":1,"minecraft:bread":167,"immersiveengineering:seed":13,"mysticalagriculture:supremium_pickaxe":2,"mowziesmobs:umvuthana_mask_fury":3,"minecraft:egg":1,"minecraft:wheat_seeds":16,"scalinghealth:cursed_heart":1,"evilcraft:condensed_blood":29,"minecraft:dripstone_block":64,"goblins:goblin_rotten_meat":1,"minecraft:feather":11,"minecraft:cobblestone":3496,"mowziesmobs:umvuthana_mask_fear":3,"create:chute":2,"evilcraft:dark_gem":65,"minecraft:stick":1,"minecraft:oxeye_daisy":6,"mowziesmobs:sol_visage":1,"evilcraft:blood_extractor":1,"born_in_chaos_v1:river_mint":1,"minecraft:torch":2,"tombstone:grave_dust":10,"mysticalagriculture:prosperity_shard":256,"vampirism:ring":2,"butchersdelight:deadpig":2,"minecraft:string":4,"minecraft:iron_shovel":1,"minecraft:bucket":2,"minecraft:redstone_block":32,"minecraft:redstone":64,"butchersdelight:deadchiken":1,"evilcraft:dark_stick":5,"minecraft:kelp":4,"alexsmobs:maggot":1,"mysticalagriculture:coal_essence":2,"minecraft:tuff":2,"vampirism:holy_water_bottle_ultimate":1,"minecraft:clay_ball":13,"minecraft:stripped_oak_log":4,"grimoireofgaia:bone_shield":1,"alexsmobs:cockroach_wing_fragment":3,"mowziesmobs:umvuthana_mask_misery":1,"minecraft:bundle":1,"minecraft:spider_eye":12,"minecraft:stone_pickaxe":2,"minecraft:bow":1,"securitycraft:universal_block_reinforcer_lvl1":12},"minecraft:custom":{"minecraft:interact_with_crafting_table":14,"minecraft:open_barrel":9,"minecraft:leave_game":8,"minecraft:time_since_death":708471,"minecraft:sprint_one_cm":2591282,"minecraft:drop":523,"minecraft:talked_to_villager":6,"minecraft:play_time":942294,"minecraft:deaths":1,"minecraft:jump":9689,"minecraft:walk_on_water_one_cm":52844,"minecraft:interact_with_furnace":26,"minecraft:sleep_in_bed":7,"minecraft:damage_dealt":133049,"minecraft:crouch_one_cm":36421,"tombstone:undead_killed":214,"tombstone:villager_killed":4,"minecraft:interact_with_smoker":2,"minecraft:use_cauldron":21,"minecraft:interact_with_smithing_table":4,"minecraft:interact_with_anvil":3,"minecraft:mob_kills":385,"minecraft:damage_dealt_resisted":7664,"minecraft:climb_one_cm":9335,"minecraft:walk_one_cm":2928215,"minecraft:damage_dealt_absorbed":120,"minecraft:sneak_time":9322,"minecraft:walk_under_water_one_cm":96341,"minecraft:interact_with_blast_furnace":5,"minecraft:total_world_time":942294,"tombstone:raider_killed":80,"minecraft:time_since_rest":75008,"minecraft:damage_taken":32407,"minecraft:swim_one_cm":221216,"minecraft:fly_one_cm":2446560,"minecraft:open_chest":1197,"minecraft:fall_one_cm":234505},"minecraft:used":{"create:deployer":2,"minecraft:blue_terracotta":2,"minecraft:stone":30,"create:cogwheel":303,"mysticalagriculture:supremium_shovel":11221,"create:mechanical_crafter":56,"minecraft:carrot":1,"create:depot":6,"enchantinginfuser:advanced_enchanting_infuser":3,"minecraft:glass":21,"minecraft:lava_bucket":9,"minecraft:grass_block":3,"minecraft:quartz_block":2,"minecraft:dark_oak_slab":2,"create:millstone":21,"minecraft:stone_bricks":3,"create:rotation_speed_controller":6,"farmersdelight:cutting_board":1,"create:shaft":112,"create:mechanical_drill":22,"minecraft:gold_block":2,"grimoireofgaia:meat":1,"minecraft:egg":1,"mowziesmobs:foliaath_seed":3,"mysticalagriculture:supremium_sword":530,"minecraft:dark_oak_stairs":1,"minecraft:diorite":14,"create:crushing_wheel":22,"securitycraft:reinforced_sand":1,"minecraft:oak_planks":23,"minecraft:sugar_cane":21,"minecraft:oak_leaves":1,"minecraft:white_wool":6,"minecraft:sand":15,"evilcraft:undead_sapling":1,"scalinghealth:cursed_heart":1,"securitycraft:universal_block_remover":181,"minecraft:shears":9,"minecraft:lever":11,"mysticalagriculture:imperium_furnace":1,"securitycraft:reinforced_grass_block":12,"minecraft:bread":152,"minecraft:oak_pressure_plate":6,"create:andesite_casing":2,"minecraft:gravel":167,"sons_of_sins:flesh_of_demise":2,"create:basin":2,"minecraft:chainmail_boots":1,"mysticalagriculture:tertium_furnace":1,"create:vertical_gearbox":30,"minecraft:bone_meal":11,"create:large_cogwheel":61,"minecraft:oak_fence":316,"minecraft:flint_and_steel":2,"minecraft:dead_bush":1,"create:schematic_table":1,"minecraft:redstone":3,"minecraft:torch":161,"minecraft:dirt":1608,"minecraft:brewing_stand":2,"scalinghealth:heart_crystal":72,"create:mechanical_mixer":6,"minecraft:golden_chestplate":1,"evilcraft:undead_log":2,"create:chute":14,"securitycraft:reinforced_dirt":1,"minecraft:iron_hoe":5,"minecraft:bookshelf":42,"minecraft:iron_block":1,"create:wrench":279,"create:gearbox":25,"undead_unleashed:grave_metal_helmet":1,"create:encased_chain_drive":32,"minecraft:purple_concrete":2,"quark:andesite_bricks":1,"securitycraft:reinforced_glass":7323,"scalinghealth:bandages":2,"tombstone:gift":7,"mysticalagriculture:tertium_axe":581,"create:belt_connector":69,"create:gearshift":2,"minecraft:water_bucket":32,"securitycraft:reinforced_oak_planks":1,"evilcraft:blood_infuser":1,"create:brass_tunnel":3,"mysticalagriculture:supremium_pickaxe":2248,"minecraft:mangrove_trapdoor":1,"create:encased_fan":10,"create:brass_funnel":24,"minecraft:crafting_table":4,"quark:acacia_chest":2,"create:schematicannon":1,"minecraft:oak_log":68,"tombstone:bag_of_seeds":3,"minecraft:black_wool":1,"create:mechanical_press":9,"immersiveengineering:lantern":1,"create:large_water_wheel":31,"werewolves:liver":1,"mowziesmobs:sol_visage":1,"scalinghealth:medkit":1,"enchantinginfuser:enchanting_infuser":1,"minecraft:cobblestone":430,"evilcraft:dark_tank":19,"minecraft:bucket":58,"quark:oak_chest":41,"minecraft:kelp":267}},"DataVersion":3120}