{"stats":{"minecraft:broken":{"minecraft:iron_boots":2,"minecraft:iron_chestplate":2,"minecraft:iron_leggings":2,"minecraft:iron_axe":2,"minecraft:iron_helmet":2,"minecraft:iron_shovel":8,"minecraft:diamond_axe":1},"minecraft:used":{"quark:bamboo_block":4,"minecraft:spruce_slab":1,"quark:dark_oak_post":6,"minecraft:ladder":1,"create:oak_window_pane":28,"minecraft:stone":25,"create:oak_window":4,"create:jungle_window":2,"born_in_chaos_v1:smoked_flesh":92,"minecraft:lava_bucket":44,"minecraft:birch_sapling":55,"minecraft:polished_andesite_stairs":7,"minecraft:stone_brick_stairs":2,"minecraft:egg":1,"thermal:rubberwood_planks":4,"minecraft:sand":2,"minecraft:blast_furnace":4,"quark:andesite_bricks_vertical_slab":1,"immersiveengineering:hammer":2,"born_in_chaos_v1:monster_flesh":2,"minecraft:diamond_ore":1,"minecraft:soul_lantern":1,"minecraft:diamond_sword":1365,"vampirism:altar_cleansing":1,"minecraft:dark_oak_fence":51,"minecraft:birch_log":8,"born_in_chaos_v1:smoked_fish":1,"minecraft:netherrack":9,"minecraft:torch":480,"quark:yellow_blossom_sapling":1,"mysticalagriculture:infusion_pedestal":1,"create:dark_oak_window_pane":19,"minecraft:iron_axe":495,"minecraft:jungle_log":15,"eatanomelette:omelette":5,"minecraft:bamboo":1,"quark:blossom_planks":65,"tombstone:gift":5,"minecraft:cobbled_deepslate":155,"minecraft:acacia_planks":4,"create:jungle_window_pane":16,"quark:blossom_log":15,"minecraft:water_bucket":57,"minecraft:birch_planks":529,"minecraft:cracked_stone_bricks":5,"minecraft:tnt":2,"minecraft:crafting_table":3,"minecraft:red_bed":1,"minecraft:white_bed":2,"minecraft:diamond_pickaxe":1332,"minecraft:diamond_shovel":1537,"tconstruct:part_chest":1,"minecraft:chiseled_stone_bricks":1,"quark:dark_oak_chest":169,"minecraft:cobblestone":325,"minecraft:cooked_porkchop":7,"create:dark_oak_window":6,"minecraft:iron_shovel":2037,"quark:polished_andesite_vertical_slab":21,"minecraft:shield":16,"twilightforest:bold_stone_pillar":16,"minecraft:jungle_planks":402,"immersiveengineering:cokebrick":1,"minecraft:beehive":2,"minecraft:obsidian":9,"minecraft:glass":2,"born_in_chaos_v1:corpse_maggot":2,"minecraft:lantern":4,"minecraft:stone_bricks":3,"quark:blossom_chest":2,"create:ornate_iron_window_pane":6,"minecraft:gray_bed":1,"grimoireofgaia:meat":7,"minecraft:dark_oak_sapling":65,"minecraft:dark_oak_stairs":73,"create:acacia_window":2,"minecraft:oak_planks":14,"minecraft:diamond_axe":2495,"minecraft:sugar_cane":100,"create:ornate_iron_window":2,"minecraft:dark_oak_log":150,"minecraft:melon_slice":6,"minecraft:bread":54,"tombstone:grave_key":7,"quark:bamboo_chest":4,"born_in_chaos_v1:smoked_monster_flesh":11,"tconstruct:tinkers_chest":1,"tconstruct:crafting_station":1,"minecraft:andesite":8,"minecraft:bone_meal":87,"quark:birch_chest":8,"minecraft:flint_and_steel":87,"minecraft:spruce_planks":4,"farmersdelight:rich_soil":3,"minecraft:cooked_chicken":2,"minecraft:dirt":824,"scalinghealth:heart_crystal":17,"create:copper_casing":2,"minecraft:birch_door":2,"minecraft:dark_oak_planks":1200,"tconstruct:tinker_station":1,"quark:andesite_bricks":1,"scalinghealth:bandages":1,"immersiveengineering:alloybrick":1,"minecraft:cooked_beef":6,"tconstruct:part_builder":1,"minecraft:cooked_mutton":30,"tconstruct:modifier_worktable":1,"minecraft:cobblestone_stairs":31,"quark:ancient_planks":4,"minecraft:polished_andesite":95,"minecraft:stonecutter":1,"minecraft:smoker":1,"minecraft:dark_oak_door":3,"farmersdelight:smoked_ham":4,"tombstone:bag_of_seeds":2,"create:birch_window":2,"minecraft:apple":3,"quark:blossom_door":3,"minecraft:jungle_stairs":181,"create:birch_window_pane":16,"minecraft:jungle_door":3,"minecraft:bucket":103,"born_in_chaos_v1:wood_splitter_axe":132,"alexsmobs:animal_dictionary":1},"minecraft:dropped":{"butchersdelight:dead_cow":2,"minecraft:spore_blossom":3,"minecraft:mossy_stone_brick_stairs":1,"minecraft:cracked_stone_bricks":6,"undead_unleashed:grave_metal_scrap":4,"minecraft:gold_block":14,"minecraft:dirt":357,"create:oak_window":2,"minecraft:chain":2,"minecraft:gold_nugget":31,"minecraft:sand":6,"werewolves:wolfsbane":2,"minecraft:dark_oak_planks":5,"minecraft:white_wool":64,"minecraft:bone":15,"minecraft:dark_oak_door":2,"minecraft:sugar_cane":3,"minecraft:diamond_block":7,"create:dark_oak_window_pane":13,"minecraft:iron_nugget":22,"create:oak_window_pane":4,"minecraft:cobbled_deepslate":5,"butchersdelight:cleaver":1,"minecraft:rotten_flesh":14,"born_in_chaos_v1:smoked_flesh":1,"minecraft:oak_planks":32,"minecraft:azure_bluet":1,"evilcraft:flesh_humanoid":8,"quark:blossom_chest":22,"minecraft:tipped_arrow":1,"mysticalagriculture:inferium_essence":20,"minecraft:jungle_log":1,"quark:blossom_door":4,"butchersdelight:hook":4,"minecraft:stone_brick_stairs":1,"minecraft:wheat_seeds":347,"minecraft:dripstone_block":1,"minecraft:feather":2,"minecraft:cobblestone":26,"born_in_chaos_v1:gnawed_bones":2,"grimoireofgaia:taproot":2,"minecraft:oak_stairs":4,"minecraft:smooth_stone":4,"minecraft:chainmail_leggings":1,"minecraft:string":5,"minecraft:acacia_planks":5,"minecraft:stone_brick_slab":1,"hmag:soul_powder":2,"minecraft:iron_boots":1,"minecraft:stone_slab":5,"minecraft:oak_sign":6,"minecraft:pumpkin_seeds":1,"minecraft:diamond_sword":1,"minecraft:cobblestone_slab":2,"minecraft:bundle":3,"quark:birch_chest":24,"minecraft:stone_bricks":6,"minecraft:spider_eye":4,"minecraft:bamboo":10,"sophisticatedbackpacks:copper_backpack":1,"scalinghealth:bandages":1,"minecraft:birch_planks":16,"minecraft:diamond_axe":2,"minecraft:oak_log":2,"immersiveengineering:blueprint":6,"hmag:emerald_fragment":2,"farmersdelight:rice":1,"minecraft:cobblestone_stairs":13,"minecraft:dark_oak_log":4,"born_in_chaos_v1:monster_skin":1,"create:jungle_window_pane":16,"minecraft:mossy_stone_brick_slab":8,"minecraft:beehive":2,"minecraft:chiseled_stone_bricks":1,"minecraft:beetroot_seeds":2,"minecraft:melon_seeds":3,"born_in_chaos_v1:corpse_maggot":8,"minecraft:birch_door":1,"minecraft:arrow":7,"alexsmobs:banana":9,"immersiveengineering:seed":19,"minecraft:mossy_cobblestone":8,"scalinghealth:cursed_heart":1,"quark:blossom_planks":3,"mowziesmobs:foliaath_seed":1,"minecraft:observer":1,"farmersdelight:tree_bark":2,"immersiveengineering:treated_fence":2,"minecraft:stick":66,"scalinghealth:medkit":1,"quark:bamboo_chest":2,"mysticalagriculture:iron_seeds":1,"quark:clear_shard":4,"minecraft:torch":2,"minecraft:repeater":1,"minecraft:jungle_door":3,"tombstone:grave_dust":3,"minecraft:flowering_azalea":3,"minecraft:tripwire_hook":1,"farmersdelight:rich_soil":6,"minecraft:smooth_basalt":1,"butchersdelight:deadchiken":1,"minecraft:tuff":4,"quark:andesite_bricks_vertical_slab":12,"minecraft:andesite":4,"minecraft:mossy_stone_bricks":4,"minecraft:spruce_log":2,"minecraft:raw_gold":1,"quark:andesite_bricks":3},"minecraft:killed":{"vampirism:vampire":2,"born_in_chaos_v1:zombie_lumberjack":5,"born_in_chaos_v1:restless_spirit":2,"born_in_chaos_v1:siamese_skeletonsright":2,"born_in_chaos_v1:baby_skeleton_minion":3,"minecraft:skeleton":8,"grimoireofgaia:mimic":1,"alexsmobs:leafcutter_ant":1,"mowziesmobs:foliaath":2,"hmag:catoblepas":1,"grimoireofgaia:flesh_lich":1,"grimoireofgaia:spriggan":1,"grimoireofgaia:hunter":1,"undead_unleashed:frenzied_knight":1,"minecraft:zombie":41,"grimoireofgaia:deathword":1,"hmag:melty_monster":1,"born_in_chaos_v1:corpse_fly":7,"born_in_chaos_v1:door_knight":1,"hmag:skeleton_girl":1,"minecraft:horse":1,"born_in_chaos_v1:dire_hound_leader":1,"hmag:zombie_girl":5,"grimoireofgaia:creep":1,"born_in_chaos_v1:barrel_zombie":3,"born_in_chaos_v1:decrepit_skeleton":11,"born_in_chaos_v1:zombie_clown":1,"alexsmobs:hummingbird":1,"minecraft:spider":19,"minecraft:silverfish":15,"minecraft:zombie_villager":3,"grimoireofgaia:bone_knight":3,"grimoireofgaia:cobblestone_golem":2,"minecraft:creeper":2,"undead_unleashed:shadewraith":2,"born_in_chaos_v1:dread_hound":13,"grimoireofgaia:harpy":1,"alexsmobs:fly":3,"born_in_chaos_v1:siamese_skeletonsleft":3,"graveyard:revenant":1,"born_in_chaos_v1:zombie_bruiser":4,"born_in_chaos_v1:maggot":10,"grimoireofgaia:ender_eye":1,"hmag:dogu":1,"born_in_chaos_v1:corpse_fish":8,"alexsmobs:flying_fish":2,"hmag:ghost":10,"born_in_chaos_v1:baby_skeleton":7,"born_in_chaos_v1:swarmer":1,"born_in_chaos_v1:decaying_zombie":1,"alexsmobs:crow":2,"grimoireofgaia:werecat":7},"minecraft:crafted":{"minecraft:smooth_stone":1,"minecraft:dark_oak_wood":3,"tconstruct:pick_head":1,"minecraft:diamond_shovel":1,"minecraft:glass":53,"immersiveengineering:ingot_silver":8,"minecraft:birch_door":3,"thermal:rubberwood_planks":16,"minecraft:diamond_axe":2,"minecraft:polished_andesite_stairs":5,"tconstruct:modifier_worktable":1,"tconstruct:tool_handle":1,"quark:blossom_door":3,"quark:ancient_planks":1,"minecraft:light_gray_dye":2,"create:dark_oak_window_pane":32,"tconstruct:part_builder":1,"minecraft:iron_nugget":27,"quark:jungle_chest":2,"minecraft:bone_meal":13,"quark:blossom_chest":22,"tconstruct:tinker_station":1,"minecraft:dark_oak_fence":66,"quark:dark_oak_post":8,"create:acacia_window":2,"minecraft:dark_oak_planks":331,"quark:dark_oak_ladder":56,"minecraft:wheat":27,"tconstruct:part_chest":1,"create:jungle_window":14,"create:ornate_iron_window":18,"minecraft:iron_shovel":8,"minecraft:iron_leggings":1,"create:oak_window_pane":32,"tconstruct:grout":64,"minecraft:oak_planks":63,"create:birch_window":14,"minecraft:stone":61,"tconstruct:tool_binding":1,"minecraft:dark_oak_door":3,"minecraft:iron_boots":1,"tconstruct:tinkers_chest":1,"tconstruct:seared_brick":21,"minecraft:jungle_stairs":84,"quark:andesite_bricks":1,"quark:blossom_planks":16,"minecraft:crafting_table":3,"minecraft:spruce_planks":1,"minecraft:iron_helmet":1,"minecraft:birch_planks":167,"butchersdelight:cleaver":1,"quark:andesite_bricks_vertical_slab":6,"minecraft:iron_chestplate":1,"minecraft:yellow_dye":23,"minecraft:diamond_pickaxe":3,"minecraft:shield":1,"minecraft:stick":90,"minecraft:iron_ingot":15,"tconstruct:seared_bricks":5,"create:dark_oak_window":18,"quark:polished_andesite_vertical_slab":16,"minecraft:polished_andesite":32,"tconstruct:pickaxe":1,"tconstruct:pattern":18,"create:oak_window":18,"minecraft:flint_and_steel":1,"minecraft:iron_axe":2,"create:ornate_iron_window_pane":16,"create:jungle_window_pane":32,"mysticalagriculture:prudentium_essence":16,"minecraft:red_dye":18,"minecraft:diamond_sword":1,"minecraft:dark_oak_stairs":64,"minecraft:bucket":1,"create:birch_window_pane":16,"minecraft:air":3353,"minecraft:bread":9,"minecraft:jungle_planks":273,"minecraft:blue_dye":3,"quark:bamboo_chest":2,"minecraft:jungle_door":3,"tconstruct:crafting_station":1,"minecraft:acacia_planks":18,"minecraft:torch":313,"minecraft:clay":8},"minecraft:picked_up":{"minecraft:stone_slab":5,"minecraft:diamond_sword":1,"minecraft:string":41,"minecraft:cobbled_deepslate":6,"mysticalagriculture:inferium_essence":40,"minecraft:gold_nugget":18,"born_in_chaos_v1:charmof_power":2,"minecraft:melon_slice":95,"grimoireofgaia:taproot":2,"minecraft:dark_oak_door":2,"minecraft:beehive":4,"born_in_chaos_v1:shattered_skull":1,"minecraft:acacia_log":4,"born_in_chaos_v1:pileof_dark_metal":2,"quark:blossom_log":31,"quark:clear_shard":6,"create:copper_casing":2,"quark:bamboo_block":4,"quark:ancient_planks":4,"minecraft:snowball":41,"alexsmobs:flying_fish":2,"minecraft:birch_log":181,"minecraft:magma_block":6,"minecraft:feather":4,"minecraft:jungle_log":376,"minecraft:smoker":1,"minecraft:flint":10,"minecraft:lantern":3,"quark:andesite_bricks":3,"minecraft:stripped_spruce_log":1,"minecraft:dark_oak_log":748,"quark:dark_oak_post":5,"minecraft:bundle":2,"minecraft:polished_andesite":3,"thermal:rubberwood_log":50,"born_in_chaos_v1:rotten_fish":2,"minecraft:dark_oak_fence":11,"minecraft:crafting_table":1,"born_in_chaos_v1:smoked_monster_flesh":11,"minecraft:clay_ball":180,"immersiveengineering:coal_coke":10,"twilightforest:bold_stone_pillar":7,"quark:dark_oak_chest":54,"minecraft:red_bed":1,"born_in_chaos_v1:intoxicating_decoction":3,"butchersdelight:dead_cow":3,"minecraft:cracked_stone_bricks":10,"born_in_chaos_v1:gnawed_bones":3,"minecraft:iron_nugget":17,"minecraft:jungle_sapling":21,"immersiveengineering:treated_fence":2,"minecraft:poppy":16,"minecraft:spruce_slab":1,"quark:yellow_blossom_sapling":2,"minecraft:birch_sapling":62,"minecraft:egg":1,"born_in_chaos_v1:pieceofdarkmetal":1,"minecraft:redstone":3,"born_in_chaos_v1:charmof_fury":1,"butchersdelight:deadsheep":1,"born_in_chaos_v1:wood_splitter_axe":1,"minecraft:hay_block":3,"tombstone:essence_of_undeath":1,"sophisticatedbackpacks:copper_backpack":1,"minecraft:mutton":20,"minecraft:oxeye_daisy":1,"minecraft:stripped_oak_log":1,"born_in_chaos_v1:monster_flesh":15,"minecraft:tripwire_hook":1,"minecraft:red_mushroom":20,"minecraft:oak_log":64,"scalinghealth:bandages":8,"scalinghealth:medkit":1,"butchersdelight:deadchiken":1,"immersiveengineering:cokebrick":1,"minecraft:apple":12,"minecraft:stone_bricks":7,"mowziesmobs:foliaath_seed":4,"minecraft:spore_blossom":3,"born_in_chaos_v1:smoked_flesh":1,"scalinghealth:power_crystal_shard":12,"tombstone:bag_of_seeds":1,"minecraft:flowering_azalea":3,"minecraft:dark_oak_stairs":36,"minecraft:polished_andesite_stairs":2,"born_in_chaos_v1:ethereal_spirit":7,"minecraft:gravel":97,"born_in_chaos_v1:fangofthe_hound_leader":1,"minecraft:spruce_log":2,"grimoireofgaia:box_iron":1,"minecraft:crying_obsidian":2,"quark:blue_corundum_cluster":7,"minecraft:diamond_shovel":1,"immersiveengineering:seed":206,"minecraft:diamond_axe":2,"grimoireofgaia:rotten_heart":1,"quark:blue_corundum":3,"goblins:goblin_rotten_meat":1,"minecraft:stone_brick_stairs":3,"thermal:rubberwood_planks":4,"quark:blossom_door":2,"minecraft:oak_sign":6,"alexsmobs:banana":14,"hmag:bat_wing":3,"minecraft:cobblestone_slab":2,"minecraft:stick":171,"minecraft:jungle_door":3,"minecraft:torch":32,"werewolves:wolfsbane":2,"minecraft:pointed_dripstone":1,"tombstone:grave_dust":15,"vampirism:vampire_fang":1,"immersiveengineering:alloybrick":1,"quark:blossom_planks":144,"quark:polished_andesite_vertical_slab":5,"minecraft:rotten_flesh":79,"farmersdelight:tree_bark":2,"minecraft:mangrove_roots":7,"quark:blossom_chest":2,"minecraft:obsidian":10,"minecraft:cobblestone":104,"minecraft:repeater":1,"minecraft:andesite":170,"minecraft:dirt":1519,"born_in_chaos_v1:monster_skin":15,"minecraft:bone":53,"minecraft:acacia_planks":4,"minecraft:wheat_seeds":660,"minecraft:raw_gold":5,"thermal:rubberwood_sapling":2,"minecraft:mossy_stone_bricks":3,"minecraft:bamboo":1029,"minecraft:oak_planks":13,"minecraft:mossy_stone_brick_stairs":1,"hmag:soul_powder":9,"immersiveengineering:raw_aluminum":5,"minecraft:jungle_planks":73,"minecraft:sand":150,"minecraft:mossy_cobblestone":7,"graveyard:upper_bone_staff":1,"minecraft:soul_lantern":1,"minecraft:bone_meal":4,"butchersdelight:hook":4,"minecraft:oak_sapling":24,"minecraft:netherrack":14,"minecraft:cocoa_beans":18,"minecraft:ladder":1,"quark:andesite_bricks_vertical_slab":7,"minecraft:gold_block":2,"minecraft:chain":1,"minecraft:brick":2,"quark:bamboo_chest":4,"minecraft:observer":1,"minecraft:sugar_cane":98,"minecraft:dark_oak_sapling":77,"minecraft:raw_iron":3,"grimoireofgaia:meat":7,"quark:birch_chest":8,"born_in_chaos_v1:charmof_endurance":1,"minecraft:dark_oak_planks":284,"minecraft:arrow":11,"minecraft:jungle_stairs":74,"minecraft:skeleton_skull":1,"born_in_chaos_v1:fused_bone":3,"born_in_chaos_v1:corpse_maggot":10,"hmag:emerald_fragment":1,"minecraft:birch_planks":266,"minecraft:gunpowder":2,"scalinghealth:heart_crystal":4,"minecraft:iron_ingot":46,"vampirism:altar_cleansing":1,"minecraft:pumpkin":10,"minecraft:chiseled_stone_bricks":2,"minecraft:stone_brick_slab":1,"minecraft:dandelion":7,"minecraft:dripstone_block":1,"undead_unleashed:grave_metal_scrap":10,"minecraft:white_bed":1,"minecraft:mossy_stone_brick_slab":8,"minecraft:spider_eye":6,"butchersdelight:sheephide":5,"evilcraft:dark_gem":13,"tombstone:magic_scroll":1,"minecraft:coal":68},"minecraft:custom":{"minecraft:interact_with_crafting_table":67,"minecraft:open_barrel":43,"minecraft:leave_game":7,"minecraft:time_since_death":1029,"minecraft:damage_blocked_by_shield":904,"minecraft:play_time":911099,"minecraft:deaths":56,"minecraft:jump":13212,"minecraft:interact_with_furnace":34,"minecraft:sleep_in_bed":2,"minecraft:damage_dealt":77909,"tombstone:undead_killed":118,"minecraft:interact_with_smoker":9,"minecraft:use_cauldron":3,"minecraft:inspect_dispenser":4,"minecraft:interact_with_smithing_table":2,"minecraft:inspect_dropper":2,"minecraft:damage_dealt_absorbed":141,"minecraft:sneak_time":17608,"minecraft:interact_with_blast_furnace":12,"minecraft:total_world_time":911099,"minecraft:tune_noteblock":4,"minecraft:interact_with_stonecutter":7,"minecraft:time_since_rest":1,"minecraft:swim_one_cm":82042,"minecraft:fly_one_cm":2706843,"minecraft:open_chest":780,"minecraft:fall_one_cm":243935,"minecraft:sprint_one_cm":2490900,"minecraft:drop":262,"minecraft:talked_to_villager":7,"minecraft:walk_on_water_one_cm":138489,"minecraft:player_kills":1,"minecraft:crouch_one_cm":56931,"minecraft:mob_kills":257,"minecraft:fill_cauldron":2,"minecraft:interact_with_campfire":13,"minecraft:damage_dealt_resisted":4188,"minecraft:climb_one_cm":24040,"minecraft:walk_one_cm":2775890,"minecraft:walk_under_water_one_cm":56513,"minecraft:damage_taken":60075,"minecraft:trigger_trapped_chest":2},"minecraft:mined":{"minecraft:dark_oak_planks":281,"create:copper_casing":2,"minecraft:white_bed":1,"minecraft:jungle_leaves":44,"thermal:tin_ore":4,"minecraft:obsidian":17,"minecraft:granite":18,"minecraft:jungle_log":384,"minecraft:oxeye_daisy":1,"mysticalagriculture:inferium_ore":26,"minecraft:chiseled_stone_bricks":2,"quark:blossom_chest":2,"minecraft:magma_block":6,"minecraft:fire":24,"minecraft:cobbled_deepslate":32,"immersiveengineering:deepslate_ore_silver":15,"minecraft:pumpkin":10,"minecraft:deepslate_lapis_ore":6,"minecraft:cave_vines":2,"minecraft:dirt_path":4,"minecraft:oak_stairs":2,"create:dark_oak_window_pane":7,"minecraft:tripwire":13,"quark:ancient_planks":4,"minecraft:smoker":1,"undead_unleashed:ancient_dirt":2,"minecraft:torch":12,"minecraft:blast_furnace":4,"minecraft:polished_andesite_stairs":2,"minecraft:melon":16,"quark:blossom_log":31,"minecraft:glass":3,"create:birch_window_pane":16,"thermal:deepslate_lead_ore":20,"minecraft:sugar_cane":64,"minecraft:amethyst_block":63,"minecraft:birch_sapling":7,"minecraft:skeleton_skull":1,"minecraft:repeater":1,"immersiveengineering:alloy_smelter":1,"minecraft:stone_brick_stairs":3,"minecraft:grass":2517,"quark:birch_chest":8,"minecraft:dark_oak_sapling":5,"minecraft:smooth_basalt":1,"create:acacia_window":2,"minecraft:red_mushroom_block":45,"minecraft:stonecutter":1,"mysticalagriculture:deepslate_inferium_ore":10,"minecraft:deepslate":35,"create:zinc_ore":9,"thermal:rubberwood_planks":4,"quark:andesite_bricks":1,"minecraft:mossy_cobblestone":9,"minecraft:dark_oak_log":752,"butchersdelight:deadsheepblock":1,"minecraft:dark_oak_fence":11,"minecraft:jungle_planks":76,"thermal:rubberwood_log":51,"minecraft:redstone_wire":2,"thermal:deepslate_nickel_ore":3,"immersiveengineering:coke_oven":1,"minecraft:redstone_ore":3,"minecraft:snow":40,"minecraft:andesite":174,"minecraft:mossy_stone_brick_stairs":1,"minecraft:cobblestone_slab":1,"minecraft:vine":63,"minecraft:bamboo":99,"quark:bamboo_chest":4,"immersiveengineering:ore_aluminum":4,"minecraft:hanging_roots":2,"quark:dark_oak_chest":54,"minecraft:stone_brick_slab":1,"vampirism:altar_cleansing":1,"minecraft:observer":1,"minecraft:dandelion":16,"quark:polished_andesite_vertical_slab":5,"minecraft:cornflower":3,"minecraft:tall_grass":75,"minecraft:deepslate_gold_ore":11,"minecraft:diorite":6,"quark:andesite_bricks_vertical_slab":1,"minecraft:birch_leaves":13,"thermal:silver_ore":2,"werewolves:deepslate_silver_ore":2,"minecraft:gravel":119,"minecraft:dripstone_block":1,"create:ornate_iron_window":2,"minecraft:cobweb":52,"minecraft:acacia_planks":4,"minecraft:stone_bricks":10,"minecraft:chipped_anvil":1,"minecraft:gold_ore":5,"thermal:deepslate_sulfur_ore":8,"minecraft:fern":640,"thermal:deepslate_tin_ore":4,"create:deepslate_zinc_ore":10,"quark:yellow_blossom_leaves":112,"minecraft:mossy_stone_brick_slab":4,"minecraft:cobblestone_stairs":4,"minecraft:budding_amethyst":2,"minecraft:grass_block":2908,"minecraft:infested_cobblestone":16,"create:jungle_window_pane":8,"immersiveengineering:deepslate_ore_uranium":5,"quark:bamboo_block":4,"minecraft:iron_ore":25,"graveyard:upper_bone_staff":1,"quark:blossom_planks":144,"create:oak_window_pane":4,"minecraft:azure_bluet":1,"minecraft:dark_oak_stairs":37,"minecraft:spruce_slab":1,"minecraft:deepslate_redstone_ore":6,"minecraft:jungle_door":1,"minecraft:soul_lantern":1,"thermal:lead_ore":4,"minecraft:clay":47,"minecraft:jungle_stairs":74,"minecraft:poppy":18,"quark:dark_oak_post":6,"minecraft:mushroom_stem":6,"quark:blue_corundum_cluster":5,"minecraft:cobblestone":48,"minecraft:oak_planks":6,"minecraft:wall_torch":20,"minecraft:birch_log":178,"evilcraft:dark_ore_deepslate":7,"minecraft:tnt":3,"create:ornate_iron_window_pane":6,"minecraft:oak_log":63,"minecraft:dirt":246,"minecraft:sand":162,"thermal:nickel_ore":10,"mysticalagriculture:deepslate_prosperity_ore":12,"minecraft:tripwire_hook":3,"minecraft:netherrack":15,"werewolves:silver_ore":6,"minecraft:oak_leaves":124,"mysticalagriculture:prosperity_ore":2,"create:oak_window":4,"minecraft:diamond_ore":1,"minecraft:crying_obsidian":2,"minecraft:tuff":1,"create:jungle_window":2,"minecraft:dark_oak_leaves":52,"minecraft:deepslate_diamond_ore":2,"minecraft:mangrove_roots":7,"minecraft:glow_lichen":1,"minecraft:hay_block":3,"minecraft:stripped_spruce_log":1,"evilcraft:dark_ore":3,"minecraft:gold_block":2,"minecraft:bookshelf":17,"minecraft:deepslate_iron_ore":54,"minecraft:lantern":2,"minecraft:stone":373,"create:dark_oak_window":6,"minecraft:podzol":5,"minecraft:flowering_azalea":1,"quark:blue_corundum":3,"minecraft:crafting_table":1,"quark:blossom_door":2,"minecraft:stone_slab":4,"minecraft:deepslate_coal_ore":8,"minecraft:lapis_ore":3,"minecraft:birch_planks":269,"butchersdelight:deadcowblock":3,"minecraft:beehive":3,"minecraft:gray_bed":1,"thermal:deepslate_silver_ore":5,"twilightforest:bold_stone_pillar":7,"minecraft:coal_ore":105,"evilcraft:blood_stain":1,"create:birch_window":2,"minecraft:cracked_stone_bricks":10,"thermal:rubberwood_leaves":15,"minecraft:polished_andesite":3,"minecraft:mossy_stone_bricks":3},"minecraft:killed_by":{"born_in_chaos_v1:nightmare_stalker":3,"hmag:harpy":2,"born_in_chaos_v1:baby_skeleton":1,"hmag:zombie_girl":2,"grimoireofgaia:minotaurus":1,"minecraft:zombie":3,"born_in_chaos_v1:dire_hound_leader":1,"vampirism:vampire":1,"grimoireofgaia:cobblestone_golem":4,"born_in_chaos_v1:siamese_skeletonsright":1,"born_in_chaos_v1:baby_skeleton_minion":1,"alexsmobs:tiger":1,"grimoireofgaia:shaman":3,"born_in_chaos_v1:decrepit_skeleton":1,"grimoireofgaia:hunter":2,"born_in_chaos_v1:dread_hound":3,"minecraft:creeper":2,"born_in_chaos_v1:zombie_bruiser":1,"alexsmobs:capuchin_monkey":1,"alexsmobs:murmur_head":1,"grimoireofgaia:minotaur":1,"undead_unleashed:frenzied_knight":3,"grimoireofgaia:bone_knight":1,"minecraft:silverfish":3,"born_in_chaos_v1:bloody_gadfly":1,"born_in_chaos_v1:phantom_creeper":1,"born_in_chaos_v1:barrel_zombie":1,"minecraft:skeleton":6,"mowziesmobs:foliaath":2,"born_in_chaos_v1:door_knight":1,"born_in_chaos_v1:missioner":1}},"DataVersion":3120}