{"stats":{"minecraft:mined":{"minecraft:dark_oak_planks":281,"create:copper_casing":2,"minecraft:white_bed":2,"minecraft:jungle_leaves":44,"thermal:tin_ore":4,"minecraft:obsidian":17,"minecraft:granite":23,"minecraft:jungle_log":384,"tconstruct:part_chest":1,"minecraft:oxeye_daisy":1,"mysticalagriculture:inferium_ore":26,"minecraft:chiseled_stone_bricks":2,"quark:blossom_chest":2,"minecraft:magma_block":6,"minecraft:cobbled_deepslate":57,"minecraft:fire":25,"immersiveengineering:deepslate_ore_silver":15,"minecraft:pumpkin":10,"minecraft:fletching_table":1,"minecraft:deepslate_lapis_ore":6,"minecraft:cave_vines":2,"minecraft:dirt_path":4,"minecraft:oak_stairs":2,"create:dark_oak_window_pane":7,"minecraft:tripwire":13,"tconstruct:part_builder":1,"minecraft:brown_mushroom":1,"quark:ancient_planks":4,"minecraft:red_bed":1,"minecraft:smoker":2,"undead_unleashed:ancient_dirt":2,"minecraft:torch":19,"minecraft:blast_furnace":6,"minecraft:polished_andesite_stairs":2,"minecraft:melon":16,"quark:blossom_log":31,"minecraft:glass":3,"create:birch_window_pane":16,"thermal:deepslate_lead_ore":20,"minecraft:sugar_cane":64,"minecraft:amethyst_block":63,"minecraft:birch_sapling":7,"minecraft:skeleton_skull":1,"minecraft:repeater":1,"quark:bamboo_fence":2,"immersiveengineering:alloy_smelter":1,"minecraft:stone_brick_stairs":3,"minecraft:grass":2517,"quark:birch_chest":8,"minecraft:dark_oak_sapling":5,"minecraft:smooth_basalt":1,"create:acacia_window":2,"minecraft:red_mushroom_block":45,"minecraft:stonecutter":2,"mysticalagriculture:deepslate_inferium_ore":10,"minecraft:deepslate":35,"create:zinc_ore":9,"thermal:rubberwood_planks":4,"quark:andesite_bricks":1,"minecraft:mossy_cobblestone":9,"minecraft:dark_oak_log":838,"butchersdelight:deadsheepblock":1,"tconstruct:modifier_worktable":1,"minecraft:dark_oak_fence":11,"minecraft:jungle_planks":76,"thermal:rubberwood_log":51,"minecraft:redstone_wire":2,"thermal:deepslate_nickel_ore":3,"immersiveengineering:coke_oven":2,"minecraft:redstone_ore":3,"minecraft:snow":40,"minecraft:andesite":210,"minecraft:mossy_stone_brick_stairs":1,"minecraft:cobblestone_slab":1,"minecraft:vine":63,"minecraft:bamboo":99,"quark:bamboo_chest":4,"immersiveengineering:ore_aluminum":4,"minecraft:smithing_table":1,"minecraft:hanging_roots":2,"quark:oak_chest":13,"quark:dark_oak_chest":54,"minecraft:stone_brick_slab":1,"vampirism:altar_cleansing":1,"minecraft:observer":1,"minecraft:dandelion":16,"quark:polished_andesite_vertical_slab":5,"minecraft:cornflower":3,"minecraft:campfire":3,"minecraft:tall_grass":75,"minecraft:deepslate_gold_ore":11,"minecraft:diorite":6,"farmersdelight:skillet":2,"quark:andesite_bricks_vertical_slab":1,"minecraft:birch_leaves":13,"thermal:silver_ore":2,"werewolves:deepslate_silver_ore":2,"minecraft:gravel":121,"minecraft:dripstone_block":1,"create:ornate_iron_window":2,"minecraft:cobweb":52,"minecraft:acacia_planks":4,"minecraft:stone_bricks":10,"minecraft:chipped_anvil":1,"minecraft:gold_ore":5,"thermal:deepslate_sulfur_ore":8,"minecraft:fern":640,"thermal:deepslate_tin_ore":4,"create:deepslate_zinc_ore":10,"quark:yellow_blossom_leaves":112,"tconstruct:tinker_station":1,"minecraft:mossy_stone_brick_slab":4,"minecraft:cobblestone_stairs":4,"minecraft:budding_amethyst":2,"minecraft:grass_block":2912,"minecraft:infested_cobblestone":16,"create:jungle_window_pane":8,"immersiveengineering:deepslate_ore_uranium":5,"quark:bamboo_block":4,"minecraft:iron_ore":25,"graveyard:upper_bone_staff":1,"quark:blossom_planks":144,"create:oak_window_pane":4,"tconstruct:tinkers_chest":1,"minecraft:azure_bluet":1,"minecraft:dark_oak_stairs":37,"minecraft:spruce_slab":1,"minecraft:deepslate_redstone_ore":6,"minecraft:jungle_door":1,"minecraft:soul_lantern":1,"thermal:lead_ore":4,"minecraft:clay":47,"minecraft:jungle_stairs":74,"minecraft:poppy":18,"quark:dark_oak_post":6,"minecraft:mushroom_stem":6,"quark:blue_corundum_cluster":5,"minecraft:cobblestone":51,"minecraft:oak_planks":6,"minecraft:wall_torch":20,"minecraft:cauldron":1,"minecraft:birch_log":178,"evilcraft:dark_ore_deepslate":7,"minecraft:tnt":3,"create:ornate_iron_window_pane":6,"minecraft:oak_log":63,"minecraft:dirt":263,"minecraft:sand":167,"tconstruct:crafting_station":1,"thermal:nickel_ore":10,"mysticalagriculture:deepslate_prosperity_ore":12,"minecraft:tripwire_hook":3,"minecraft:netherrack":15,"mysticalagriculture:infusion_pedestal":1,"werewolves:silver_ore":10,"minecraft:oak_leaves":124,"immersiveengineering:workbench":1,"mysticalagriculture:prosperity_ore":2,"create:jungle_window":2,"minecraft:diamond_ore":1,"minecraft:crying_obsidian":2,"minecraft:tuff":1,"create:oak_window":4,"minecraft:dark_oak_leaves":54,"minecraft:deepslate_diamond_ore":2,"minecraft:mangrove_roots":7,"minecraft:glow_lichen":1,"minecraft:hay_block":3,"minecraft:furnace":5,"minecraft:stripped_spruce_log":1,"evilcraft:dark_ore":6,"minecraft:gold_block":2,"minecraft:bookshelf":17,"minecraft:deepslate_iron_ore":54,"minecraft:lantern":2,"minecraft:stone":535,"create:dark_oak_window":6,"minecraft:podzol":5,"minecraft:flowering_azalea":1,"quark:blue_corundum":3,"minecraft:crafting_table":2,"quark:blossom_door":2,"farmersdelight:carrot_crate":1,"minecraft:stone_slab":4,"minecraft:deepslate_coal_ore":8,"minecraft:lapis_ore":3,"minecraft:birch_planks":271,"butchersdelight:deadcowblock":3,"minecraft:beehive":3,"minecraft:ice":4,"minecraft:gray_bed":2,"thermal:deepslate_silver_ore":5,"twilightforest:bold_stone_pillar":7,"minecraft:coal_ore":105,"evilcraft:blood_stain":1,"create:birch_window":2,"minecraft:cracked_stone_bricks":10,"thermal:rubberwood_leaves":15,"minecraft:polished_andesite":3,"minecraft:mossy_stone_bricks":3},"minecraft:broken":{"minecraft:iron_boots":2,"minecraft:iron_chestplate":2,"minecraft:iron_leggings":2,"minecraft:iron_axe":2,"minecraft:iron_helmet":2,"minecraft:iron_shovel":8,"minecraft:flint_and_steel":1,"minecraft:diamond_axe":1},"minecraft:used":{"quark:bamboo_block":4,"minecraft:spruce_slab":1,"quark:dark_oak_post":6,"minecraft:ladder":1,"create:oak_window_pane":28,"minecraft:stone":26,"create:jungle_window":2,"create:oak_window":4,"minecraft:snowball":1,"born_in_chaos_v1:smoked_flesh":92,"minecraft:lava_bucket":44,"minecraft:birch_sapling":55,"minecraft:polished_andesite_stairs":7,"minecraft:stone_brick_stairs":2,"minecraft:furnace":6,"minecraft:egg":1,"thermal:rubberwood_planks":4,"minecraft:sand":2,"minecraft:blast_furnace":6,"quark:andesite_bricks_vertical_slab":1,"immersiveengineering:hammer":2,"born_in_chaos_v1:monster_flesh":2,"minecraft:diamond_ore":1,"minecraft:soul_lantern":1,"minecraft:diamond_sword":1390,"vampirism:altar_cleansing":1,"minecraft:smithing_table":1,"minecraft:dark_oak_fence":51,"minecraft:birch_log":8,"born_in_chaos_v1:smoked_fish":6,"minecraft:netherrack":9,"minecraft:torch":499,"quark:yellow_blossom_sapling":1,"mysticalagriculture:infusion_pedestal":1,"quark:bamboo_fence_gate":1,"create:dark_oak_window_pane":19,"minecraft:iron_axe":495,"minecraft:jungle_log":16,"eatanomelette:omelette":5,"minecraft:bamboo":1,"farmersdelight:cooking_pot":1,"quark:blossom_planks":65,"tombstone:gift":5,"minecraft:cobbled_deepslate":156,"minecraft:acacia_planks":4,"create:jungle_window_pane":16,"quark:blossom_log":15,"minecraft:water_bucket":60,"minecraft:birch_planks":531,"minecraft:cauldron":1,"minecraft:fletching_table":1,"minecraft:cracked_stone_bricks":5,"minecraft:tnt":2,"minecraft:crafting_table":4,"minecraft:red_bed":2,"minecraft:campfire":5,"minecraft:white_bed":3,"quark:glass_item_frame":102,"minecraft:diamond_pickaxe":1546,"minecraft:diamond_shovel":1537,"tconstruct:part_chest":1,"minecraft:chiseled_stone_bricks":1,"quark:dark_oak_chest":215,"minecraft:cobblestone":367,"minecraft:cooked_porkchop":7,"quark:oak_chest":1,"create:dark_oak_window":6,"tombstone:scroll_of_unstable_intangibility":2,"minecraft:iron_shovel":2064,"quark:polished_andesite_vertical_slab":21,"farmersdelight:stove":1,"minecraft:shield":16,"butchersdelight:hook":1,"twilightforest:bold_stone_pillar":16,"minecraft:jungle_planks":402,"immersiveengineering:cokebrick":2,"minecraft:beehive":2,"minecraft:obsidian":9,"born_in_chaos_v1:corpse_maggot":2,"minecraft:glass":2,"minecraft:lantern":4,"minecraft:stone_bricks":3,"minecraft:item_frame":3,"quark:blossom_chest":2,"farmersdelight:cutting_board":1,"create:ornate_iron_window_pane":6,"minecraft:gray_bed":2,"grimoireofgaia:meat":7,"quark:glowing_glass_item_frame":4,"minecraft:dark_oak_sapling":73,"minecraft:dark_oak_stairs":73,"create:acacia_window":2,"minecraft:oak_planks":14,"minecraft:diamond_axe":2616,"minecraft:sugar_cane":100,"create:ornate_iron_window":2,"minecraft:dark_oak_log":150,"minecraft:melon_slice":6,"minecraft:bread":54,"butchersdelight:roaster":2,"tombstone:grave_key":7,"quark:bamboo_chest":4,"born_in_chaos_v1:smoked_monster_flesh":15,"tconstruct:tinkers_chest":1,"tconstruct:crafting_station":1,"minecraft:andesite":17,"minecraft:bone_meal":91,"quark:birch_chest":8,"minecraft:flint_and_steel":93,"minecraft:spruce_planks":4,"farmersdelight:rich_soil":3,"minecraft:cooked_chicken":3,"minecraft:dirt":928,"scalinghealth:heart_crystal":17,"quark:bamboo_fence":65,"create:copper_casing":2,"minecraft:birch_door":2,"minecraft:dark_oak_planks":1200,"tconstruct:tinker_station":1,"quark:andesite_bricks":1,"goldenfood:golden_melon_slice":1,"scalinghealth:bandages":1,"immersiveengineering:alloybrick":1,"minecraft:cooked_beef":10,"tconstruct:part_builder":1,"minecraft:cooked_mutton":30,"tconstruct:modifier_worktable":1,"minecraft:cobblestone_stairs":31,"farmersdelight:skillet":3,"quark:ancient_planks":4,"minecraft:polished_andesite":95,"minecraft:brown_mushroom":1,"minecraft:stonecutter":2,"minecraft:glow_item_frame":2,"minecraft:smoker":2,"minecraft:dark_oak_door":3,"farmersdelight:smoked_ham":4,"tombstone:bag_of_seeds":2,"create:birch_window":2,"minecraft:apple":3,"quark:blossom_door":3,"minecraft:jungle_stairs":181,"create:birch_window_pane":16,"minecraft:jungle_door":3,"minecraft:bucket":107,"born_in_chaos_v1:wood_splitter_axe":132,"alexsmobs:animal_dictionary":1},"minecraft:killed_by":{"born_in_chaos_v1:nightmare_stalker":3,"born_in_chaos_v1:baby_skeleton":1,"hmag:harpy":2,"hmag:zombie_girl":2,"grimoireofgaia:minotaurus":2,"minecraft:zombie":3,"minecraft:pig":1,"born_in_chaos_v1:dire_hound_leader":1,"vampirism:vampire":2,"grimoireofgaia:cobblestone_golem":4,"born_in_chaos_v1:siamese_skeletonsright":1,"born_in_chaos_v1:baby_skeleton_minion":1,"alexsmobs:tiger":1,"born_in_chaos_v1:decrepit_skeleton":1,"grimoireofgaia:shaman":3,"grimoireofgaia:hunter":2,"born_in_chaos_v1:dread_hound":3,"minecraft:creeper":2,"born_in_chaos_v1:zombie_bruiser":1,"alexsmobs:capuchin_monkey":1,"alexsmobs:murmur_head":1,"grimoireofgaia:minotaur":1,"undead_unleashed:frenzied_knight":3,"grimoireofgaia:bone_knight":1,"minecraft:silverfish":3,"born_in_chaos_v1:bloody_gadfly":1,"born_in_chaos_v1:phantom_creeper":1,"born_in_chaos_v1:barrel_zombie":1,"minecraft:skeleton":6,"mowziesmobs:foliaath":2,"born_in_chaos_v1:missioner":1,"born_in_chaos_v1:door_knight":1},"minecraft:dropped":{"butchersdelight:dead_cow":2,"minecraft:spore_blossom":3,"minecraft:glow_item_frame":2,"minecraft:mossy_stone_brick_stairs":1,"minecraft:cracked_stone_bricks":6,"undead_unleashed:grave_metal_scrap":5,"minecraft:gold_block":14,"born_in_chaos_v1:monster_flesh":1,"minecraft:dirt":357,"create:oak_window":2,"minecraft:chain":2,"minecraft:gold_nugget":31,"minecraft:sand":6,"werewolves:wolfsbane":2,"minecraft:dark_oak_planks":5,"minecraft:white_wool":64,"minecraft:bone":15,"tconstruct:pickaxe":1,"minecraft:dark_oak_door":2,"minecraft:sugar_cane":3,"minecraft:diamond_block":7,"create:dark_oak_window_pane":13,"minecraft:iron_nugget":22,"create:oak_window_pane":4,"minecraft:cobbled_deepslate":9,"butchersdelight:cleaver":1,"minecraft:birch_sapling":1,"minecraft:rotten_flesh":14,"born_in_chaos_v1:smoked_flesh":1,"minecraft:oak_planks":32,"minecraft:azure_bluet":1,"evilcraft:flesh_humanoid":11,"quark:blossom_chest":22,"minecraft:tipped_arrow":1,"mysticalagriculture:inferium_essence":21,"minecraft:jungle_log":1,"create:ornate_iron_window":20,"quark:blossom_door":4,"butchersdelight:hook":4,"minecraft:stone_brick_stairs":1,"minecraft:wheat_seeds":907,"farmersdelight:skillet":2,"minecraft:dripstone_block":1,"minecraft:feather":2,"minecraft:cobblestone":49,"minecraft:granite":6,"create:birch_window":12,"born_in_chaos_v1:gnawed_bones":2,"grimoireofgaia:taproot":3,"minecraft:oak_stairs":4,"minecraft:smooth_stone":5,"minecraft:string":5,"minecraft:chainmail_leggings":1,"minecraft:acacia_planks":5,"minecraft:stone_brick_slab":1,"hmag:soul_powder":2,"minecraft:iron_boots":1,"minecraft:stone_slab":5,"minecraft:oak_sign":6,"minecraft:pumpkin_seeds":1,"minecraft:diamond_sword":1,"minecraft:cobblestone_slab":2,"minecraft:bundle":3,"quark:birch_chest":24,"minecraft:stone_bricks":6,"minecraft:bamboo":10,"minecraft:spider_eye":4,"sophisticatedbackpacks:copper_backpack":1,"scalinghealth:bandages":1,"minecraft:birch_planks":16,"minecraft:diamond_axe":2,"minecraft:oak_log":2,"immersiveengineering:blueprint":6,"hmag:emerald_fragment":2,"minecraft:birch_slab":12,"farmersdelight:rice":1,"minecraft:cobblestone_stairs":13,"minecraft:dark_oak_log":4,"born_in_chaos_v1:monster_skin":1,"create:jungle_window_pane":16,"minecraft:mossy_stone_brick_slab":8,"minecraft:beehive":2,"minecraft:chiseled_stone_bricks":1,"minecraft:beetroot_seeds":2,"minecraft:melon_seeds":3,"born_in_chaos_v1:corpse_maggot":8,"minecraft:birch_door":1,"minecraft:arrow":8,"alexsmobs:banana":9,"create:ornate_iron_window_pane":20,"immersiveengineering:seed":30,"minecraft:oak_slab":12,"minecraft:mossy_cobblestone":10,"scalinghealth:cursed_heart":1,"mowziesmobs:foliaath_seed":1,"quark:blossom_planks":3,"immersiveengineering:slab_treated_wood_horizontal":14,"minecraft:observer":1,"farmersdelight:tree_bark":2,"immersiveengineering:treated_fence":2,"quark:glass_item_frame":2,"minecraft:stick":85,"scalinghealth:medkit":1,"quark:bamboo_chest":2,"mysticalagriculture:iron_seeds":1,"quark:clear_shard":4,"minecraft:torch":2,"minecraft:repeater":1,"minecraft:jungle_door":3,"tombstone:grave_dust":3,"minecraft:flowering_azalea":3,"minecraft:tripwire_hook":1,"farmersdelight:rich_soil":6,"minecraft:smooth_basalt":1,"butchersdelight:deadchiken":1,"minecraft:tuff":4,"quark:andesite_bricks_vertical_slab":12,"minecraft:shield":2,"minecraft:andesite":15,"minecraft:mossy_stone_bricks":4,"minecraft:spruce_log":2,"minecraft:raw_gold":1,"quark:andesite_bricks":3},"minecraft:custom":{"minecraft:interact_with_crafting_table":98,"minecraft:open_barrel":43,"minecraft:leave_game":7,"minecraft:time_since_death":7572,"minecraft:damage_blocked_by_shield":904,"minecraft:play_time":1083692,"minecraft:deaths":59,"minecraft:jump":14992,"minecraft:interact_with_furnace":101,"minecraft:sleep_in_bed":2,"minecraft:damage_dealt":79282,"tombstone:undead_killed":119,"minecraft:interact_with_smoker":17,"minecraft:use_cauldron":3,"minecraft:inspect_dispenser":4,"minecraft:interact_with_smithing_table":3,"minecraft:inspect_dropper":2,"minecraft:damage_dealt_absorbed":141,"minecraft:sneak_time":21446,"minecraft:interact_with_blast_furnace":20,"minecraft:total_world_time":1083692,"minecraft:tune_noteblock":4,"minecraft:interact_with_stonecutter":7,"minecraft:time_since_rest":7298,"minecraft:swim_one_cm":132275,"minecraft:fly_one_cm":3226453,"minecraft:open_chest":1306,"minecraft:fall_one_cm":268583,"minecraft:sprint_one_cm":2869456,"minecraft:drop":314,"minecraft:talked_to_villager":7,"minecraft:walk_on_water_one_cm":158081,"minecraft:player_kills":1,"minecraft:crouch_one_cm":65859,"minecraft:mob_kills":259,"minecraft:fill_cauldron":2,"minecraft:interact_with_campfire":25,"minecraft:damage_dealt_resisted":4473,"minecraft:climb_one_cm":24721,"minecraft:walk_one_cm":3122928,"minecraft:walk_under_water_one_cm":61743,"minecraft:damage_taken":64021,"minecraft:damage_absorbed":40,"minecraft:trigger_trapped_chest":2},"minecraft:crafted":{"minecraft:smooth_stone":1,"minecraft:dark_oak_wood":3,"tconstruct:pick_head":1,"minecraft:diamond_shovel":1,"minecraft:glass":213,"immersiveengineering:ingot_silver":8,"minecraft:birch_door":3,"thermal:rubberwood_planks":16,"minecraft:wooden_shovel":1,"minecraft:diamond_axe":2,"minecraft:glow_item_frame":1,"minecraft:polished_andesite_stairs":5,"tconstruct:modifier_worktable":1,"tconstruct:tool_handle":1,"quark:glass_item_frame":96,"minecraft:campfire":6,"quark:bamboo_fence_gate":1,"quark:bamboo_planks":4,"quark:blossom_door":3,"quark:ancient_planks":1,"minecraft:light_gray_dye":2,"goldenfood:golden_melon_slice":1,"create:dark_oak_window_pane":32,"tconstruct:part_builder":1,"minecraft:iron_nugget":36,"quark:jungle_chest":2,"minecraft:bone_meal":18,"quark:blossom_chest":22,"tconstruct:tinker_station":1,"minecraft:dark_oak_fence":66,"quark:dark_oak_post":8,"create:acacia_window":2,"minecraft:dark_oak_planks":331,"quark:dark_oak_ladder":56,"minecraft:wheat":27,"tconstruct:part_chest":1,"farmersdelight:cooking_pot":1,"create:jungle_window":14,"create:ornate_iron_window":18,"minecraft:iron_shovel":9,"minecraft:iron_leggings":1,"create:oak_window_pane":32,"tconstruct:grout":64,"minecraft:brick":6,"minecraft:oak_planks":63,"create:birch_window":14,"minecraft:cooked_chicken":2,"minecraft:stone":61,"tconstruct:tool_binding":1,"minecraft:dark_oak_door":3,"minecraft:iron_boots":1,"tconstruct:tinkers_chest":1,"tconstruct:seared_brick":36,"minecraft:jungle_stairs":84,"minecraft:bricks":10,"quark:andesite_bricks":1,"farmersdelight:stove":1,"minecraft:item_frame":52,"quark:blossom_planks":16,"born_in_chaos_v1:smoked_fish":5,"minecraft:crafting_table":3,"minecraft:spruce_planks":1,"minecraft:iron_helmet":1,"minecraft:birch_planks":191,"butchersdelight:cleaver":2,"farmersdelight:skillet":2,"quark:andesite_bricks_vertical_slab":6,"minecraft:iron_chestplate":1,"minecraft:yellow_dye":23,"minecraft:diamond_pickaxe":3,"minecraft:shield":1,"minecraft:stick":298,"minecraft:iron_ingot":17,"tconstruct:seared_bricks":5,"create:dark_oak_window":18,"quark:polished_andesite_vertical_slab":16,"minecraft:polished_andesite":32,"tconstruct:pattern":18,"tconstruct:pickaxe":1,"minecraft:furnace":3,"create:oak_window":18,"minecraft:glass_pane":384,"minecraft:flint_and_steel":1,"quark:glowing_glass_item_frame":3,"minecraft:leather":21,"minecraft:iron_axe":2,"create:ornate_iron_window_pane":16,"create:jungle_window_pane":32,"mysticalagriculture:prudentium_essence":16,"minecraft:red_dye":18,"minecraft:bone_block":1,"minecraft:diamond_sword":1,"minecraft:dark_oak_stairs":64,"minecraft:bucket":1,"create:birch_window_pane":16,"minecraft:air":3564,"minecraft:bread":9,"minecraft:jungle_planks":277,"minecraft:blue_dye":3,"quark:bamboo_fence":84,"quark:bamboo_chest":2,"minecraft:jungle_door":3,"tconstruct:crafting_station":1,"minecraft:acacia_planks":18,"minecraft:torch":313,"minecraft:clay":8},"minecraft:picked_up":{"minecraft:smithing_table":1,"minecraft:stone_slab":5,"minecraft:diamond_sword":1,"farmersdelight:cutting_board":1,"minecraft:string":42,"minecraft:cobbled_deepslate":31,"mysticalagriculture:inferium_essence":43,"minecraft:gold_nugget":18,"born_in_chaos_v1:charmof_power":2,"minecraft:melon_slice":95,"grimoireofgaia:taproot":3,"minecraft:dark_oak_door":2,"minecraft:beehive":4,"born_in_chaos_v1:shattered_skull":1,"minecraft:acacia_log":4,"quark:blossom_log":31,"born_in_chaos_v1:pileof_dark_metal":2,"quark:glowing_glass_item_frame":1,"create:ornate_iron_window_pane":10,"minecraft:cauldron":1,"quark:clear_shard":6,"create:copper_casing":2,"quark:bamboo_block":4,"quark:ancient_planks":4,"minecraft:snowball":41,"alexsmobs:flying_fish":2,"minecraft:birch_log":181,"minecraft:magma_block":6,"minecraft:feather":4,"minecraft:birch_slab":6,"minecraft:jungle_log":376,"minecraft:smoker":2,"minecraft:flint":10,"farmersdelight:carrot_crate":1,"minecraft:lantern":3,"minecraft:stonecutter":1,"butchersdelight:skullcow":1,"quark:andesite_bricks":3,"minecraft:stripped_spruce_log":1,"minecraft:dark_oak_log":834,"quark:dark_oak_post":5,"minecraft:bundle":2,"minecraft:polished_andesite":3,"thermal:rubberwood_log":50,"minecraft:granite":8,"born_in_chaos_v1:rotten_fish":2,"minecraft:dark_oak_fence":12,"minecraft:crafting_table":2,"born_in_chaos_v1:smoked_monster_flesh":15,"minecraft:clay_ball":180,"werewolves:charm_bracelet":1,"immersiveengineering:coal_coke":10,"twilightforest:bold_stone_pillar":7,"quark:dark_oak_chest":54,"minecraft:red_bed":2,"born_in_chaos_v1:intoxicating_decoction":3,"butchersdelight:dead_cow":3,"minecraft:cracked_stone_bricks":10,"minecraft:beef":4,"born_in_chaos_v1:gnawed_bones":3,"immersiveengineering:treated_fence":2,"minecraft:jungle_sapling":21,"minecraft:iron_nugget":17,"minecraft:poppy":16,"minecraft:spruce_slab":1,"quark:yellow_blossom_sapling":2,"minecraft:birch_sapling":62,"tconstruct:modifier_worktable":1,"minecraft:egg":1,"minecraft:glow_item_frame":3,"werewolves:raw_silver":7,"born_in_chaos_v1:pieceofdarkmetal":1,"minecraft:redstone":3,"born_in_chaos_v1:charmof_fury":1,"butchersdelight:deadsheep":1,"born_in_chaos_v1:wood_splitter_axe":1,"minecraft:hay_block":3,"tconstruct:part_chest":1,"butchersdelight:roaster":2,"tombstone:essence_of_undeath":1,"sophisticatedbackpacks:copper_backpack":1,"minecraft:mutton":20,"minecraft:bone_block":1,"minecraft:oxeye_daisy":1,"minecraft:stripped_oak_log":1,"born_in_chaos_v1:monster_flesh":16,"minecraft:tripwire_hook":1,"minecraft:red_mushroom":20,"create:birch_window":6,"minecraft:oak_log":64,"scalinghealth:bandages":8,"farmersdelight:skillet":3,"minecraft:paper":1,"scalinghealth:medkit":1,"tconstruct:seared_brick":28,"butchersdelight:deadchiken":1,"immersiveengineering:cokebrick":2,"minecraft:apple":12,"minecraft:stone_bricks":7,"mowziesmobs:foliaath_seed":4,"minecraft:spore_blossom":3,"born_in_chaos_v1:smoked_flesh":1,"scalinghealth:power_crystal_shard":12,"tombstone:bag_of_seeds":1,"minecraft:gray_bed":1,"minecraft:flowering_azalea":3,"immersiveengineering:ingot_silver":1,"minecraft:dark_oak_stairs":37,"minecraft:polished_andesite_stairs":2,"born_in_chaos_v1:ethereal_spirit":7,"minecraft:gravel":99,"born_in_chaos_v1:fangofthe_hound_leader":1,"minecraft:spruce_log":2,"grimoireofgaia:box_iron":1,"minecraft:crying_obsidian":2,"quark:blue_corundum_cluster":7,"minecraft:diamond_shovel":1,"immersiveengineering:seed":209,"minecraft:diamond_axe":2,"grimoireofgaia:rotten_heart":1,"quark:blue_corundum":3,"goblins:goblin_rotten_meat":1,"minecraft:stone_brick_stairs":3,"thermal:rubberwood_planks":4,"quark:blossom_door":2,"minecraft:oak_sign":6,"alexsmobs:banana":14,"hmag:bat_wing":3,"minecraft:cobblestone_slab":2,"minecraft:furnace":5,"minecraft:stick":174,"minecraft:jungle_door":3,"minecraft:torch":42,"werewolves:wolfsbane":2,"tombstone:grave_dust":15,"minecraft:pointed_dripstone":1,"vampirism:vampire_fang":1,"immersiveengineering:alloybrick":1,"quark:blossom_planks":144,"quark:polished_andesite_vertical_slab":5,"minecraft:rotten_flesh":79,"farmersdelight:tree_bark":2,"minecraft:mangrove_roots":7,"quark:blossom_chest":2,"minecraft:obsidian":13,"minecraft:cobblestone":270,"immersiveengineering:slab_treated_wood_horizontal":7,"minecraft:repeater":1,"minecraft:andesite":206,"evilcraft:flesh_humanoid":4,"minecraft:lapis_lazuli":1,"minecraft:dirt":1551,"born_in_chaos_v1:monster_skin":15,"minecraft:bone":57,"minecraft:acacia_planks":4,"minecraft:wheat_seeds":660,"minecraft:raw_gold":5,"thermal:rubberwood_sapling":2,"minecraft:mossy_stone_bricks":3,"minecraft:fletching_table":1,"minecraft:bamboo":1029,"minecraft:oak_planks":13,"minecraft:mossy_stone_brick_stairs":1,"hmag:soul_powder":9,"immersiveengineering:raw_aluminum":5,"minecraft:jungle_planks":73,"minecraft:sand":151,"minecraft:mossy_cobblestone":7,"graveyard:upper_bone_staff":2,"minecraft:soul_lantern":1,"minecraft:bone_meal":4,"tconstruct:tinkers_chest":1,"minecraft:emerald":1,"butchersdelight:hook":4,"minecraft:oak_sapling":24,"minecraft:netherrack":14,"minecraft:charcoal":6,"minecraft:cocoa_beans":18,"tconstruct:crafting_station":1,"minecraft:ladder":1,"minecraft:brown_mushroom":1,"quark:andesite_bricks_vertical_slab":7,"quark:bamboo_fence":2,"minecraft:gold_block":2,"minecraft:chain":1,"minecraft:brick":2,"minecraft:shield":1,"mysticalagriculture:infusion_pedestal":1,"quark:bamboo_chest":4,"thermal:silver_ingot":2,"minecraft:item_frame":3,"immersiveengineering:workbench":1,"minecraft:observer":1,"minecraft:sugar_cane":98,"minecraft:dark_oak_sapling":82,"minecraft:raw_iron":3,"grimoireofgaia:meat":7,"quark:birch_chest":8,"born_in_chaos_v1:charmof_endurance":1,"minecraft:dark_oak_planks":284,"minecraft:arrow":12,"minecraft:jungle_stairs":74,"tconstruct:tinker_station":1,"minecraft:skeleton_skull":1,"born_in_chaos_v1:fused_bone":3,"born_in_chaos_v1:corpse_maggot":10,"hmag:emerald_fragment":1,"tconstruct:part_builder":1,"minecraft:leather":1,"minecraft:birch_planks":268,"minecraft:gunpowder":2,"scalinghealth:heart_crystal":4,"quark:blank_rune":1,"minecraft:iron_ingot":46,"vampirism:altar_cleansing":1,"minecraft:book":2,"minecraft:oak_slab":6,"minecraft:pumpkin":10,"minecraft:chiseled_stone_bricks":2,"minecraft:stone_brick_slab":1,"quark:glass_item_frame":14,"minecraft:dandelion":7,"minecraft:dripstone_block":1,"undead_unleashed:grave_metal_scrap":11,"minecraft:blast_furnace":2,"minecraft:white_bed":2,"quark:oak_chest":13,"minecraft:mossy_stone_brick_slab":8,"minecraft:spider_eye":6,"butchersdelight:sheephide":5,"evilcraft:dark_gem":28,"create:ornate_iron_window":10,"tconstruct:pattern":9,"tombstone:magic_scroll":2,"minecraft:coal":102},"minecraft:killed":{"vampirism:vampire":3,"born_in_chaos_v1:zombie_lumberjack":5,"born_in_chaos_v1:restless_spirit":2,"born_in_chaos_v1:siamese_skeletonsright":2,"born_in_chaos_v1:baby_skeleton_minion":3,"minecraft:skeleton":9,"grimoireofgaia:mimic":1,"alexsmobs:leafcutter_ant":1,"mowziesmobs:foliaath":2,"hmag:catoblepas":1,"grimoireofgaia:flesh_lich":1,"grimoireofgaia:spriggan":1,"grimoireofgaia:hunter":1,"undead_unleashed:frenzied_knight":1,"minecraft:zombie":41,"grimoireofgaia:deathword":1,"hmag:melty_monster":1,"born_in_chaos_v1:corpse_fly":7,"born_in_chaos_v1:door_knight":1,"hmag:skeleton_girl":1,"minecraft:horse":1,"born_in_chaos_v1:dire_hound_leader":1,"hmag:zombie_girl":5,"grimoireofgaia:creep":1,"born_in_chaos_v1:barrel_zombie":3,"born_in_chaos_v1:decrepit_skeleton":11,"born_in_chaos_v1:zombie_clown":1,"alexsmobs:hummingbird":1,"minecraft:spider":19,"minecraft:silverfish":15,"minecraft:zombie_villager":3,"grimoireofgaia:bone_knight":3,"grimoireofgaia:cobblestone_golem":2,"minecraft:creeper":2,"undead_unleashed:shadewraith":2,"born_in_chaos_v1:dread_hound":13,"grimoireofgaia:harpy":1,"alexsmobs:fly":3,"born_in_chaos_v1:siamese_skeletonsleft":3,"graveyard:revenant":1,"born_in_chaos_v1:zombie_bruiser":4,"born_in_chaos_v1:maggot":10,"grimoireofgaia:ender_eye":1,"hmag:dogu":1,"born_in_chaos_v1:corpse_fish":8,"alexsmobs:flying_fish":2,"hmag:ghost":10,"born_in_chaos_v1:baby_skeleton":7,"born_in_chaos_v1:swarmer":1,"born_in_chaos_v1:decaying_zombie":1,"alexsmobs:crow":2,"grimoireofgaia:werecat":7}},"DataVersion":3120}