{"stats":{"minecraft:mined":{"thermal:deepslate_tin_ore":4,"minecraft:dark_oak_planks":281,"create:deepslate_zinc_ore":10,"minecraft:white_bed":1,"create:copper_casing":2,"quark:yellow_blossom_leaves":112,"minecraft:mossy_stone_brick_slab":4,"minecraft:cobblestone_stairs":4,"minecraft:jungle_leaves":44,"thermal:tin_ore":4,"minecraft:obsidian":16,"minecraft:granite":18,"minecraft:budding_amethyst":2,"minecraft:grass_block":1814,"minecraft:infested_cobblestone":16,"minecraft:jungle_log":383,"minecraft:oxeye_daisy":1,"mysticalagriculture:inferium_ore":26,"minecraft:chiseled_stone_bricks":2,"immersiveengineering:deepslate_ore_uranium":5,"minecraft:magma_block":6,"minecraft:cobbled_deepslate":27,"minecraft:fire":24,"minecraft:iron_ore":25,"immersiveengineering:deepslate_ore_silver":15,"graveyard:upper_bone_staff":1,"minecraft:pumpkin":10,"quark:blossom_planks":144,"minecraft:deepslate_lapis_ore":6,"minecraft:azure_bluet":1,"minecraft:dark_oak_stairs":37,"minecraft:cave_vines":2,"minecraft:dirt_path":2,"minecraft:oak_stairs":2,"minecraft:spruce_slab":1,"minecraft:tripwire":13,"minecraft:deepslate_redstone_ore":6,"quark:ancient_planks":4,"minecraft:smoker":1,"minecraft:soul_lantern":1,"undead_unleashed:ancient_dirt":2,"thermal:lead_ore":4,"minecraft:clay":47,"minecraft:torch":6,"minecraft:blast_furnace":4,"minecraft:melon":15,"minecraft:polished_andesite_stairs":2,"minecraft:poppy":18,"quark:dark_oak_post":6,"quark:blossom_log":31,"minecraft:mushroom_stem":6,"quark:blue_corundum_cluster":5,"minecraft:glass":1,"minecraft:cobblestone":45,"thermal:deepslate_lead_ore":20,"minecraft:sugar_cane":47,"minecraft:oak_planks":5,"minecraft:wall_torch":8,"minecraft:amethyst_block":63,"minecraft:skeleton_skull":1,"minecraft:repeater":1,"immersiveengineering:alloy_smelter":1,"evilcraft:dark_ore_deepslate":7,"minecraft:birch_log":33,"minecraft:tnt":3,"minecraft:stone_brick_stairs":3,"minecraft:grass":2424,"minecraft:oak_log":63,"minecraft:dark_oak_sapling":1,"minecraft:sand":114,"minecraft:dirt":115,"thermal:nickel_ore":10,"mysticalagriculture:deepslate_prosperity_ore":12,"minecraft:smooth_basalt":1,"minecraft:tripwire_hook":3,"minecraft:red_mushroom_block":45,"minecraft:stonecutter":1,"minecraft:netherrack":15,"mysticalagriculture:deepslate_inferium_ore":10,"minecraft:oak_leaves":117,"werewolves:silver_ore":6,"minecraft:deepslate":35,"thermal:rubberwood_planks":4,"create:zinc_ore":9,"mysticalagriculture:prosperity_ore":2,"minecraft:crying_obsidian":2,"minecraft:diamond_ore":1,"minecraft:tuff":1,"quark:andesite_bricks":1,"minecraft:mossy_cobblestone":9,"minecraft:dark_oak_leaves":38,"minecraft:deepslate_diamond_ore":2,"minecraft:dark_oak_log":494,"minecraft:mangrove_roots":7,"minecraft:glow_lichen":1,"butchersdelight:deadsheepblock":1,"minecraft:dark_oak_fence":11,"minecraft:jungle_planks":4,"thermal:rubberwood_log":51,"minecraft:redstone_wire":2,"thermal:deepslate_nickel_ore":3,"immersiveengineering:coke_oven":1,"minecraft:hay_block":3,"minecraft:redstone_ore":3,"minecraft:andesite":170,"minecraft:stripped_spruce_log":1,"evilcraft:dark_ore":3,"minecraft:gold_block":2,"minecraft:mossy_stone_brick_stairs":1,"minecraft:bookshelf":17,"minecraft:deepslate_iron_ore":54,"minecraft:cobblestone_slab":1,"minecraft:vine":63,"minecraft:lantern":2,"minecraft:bamboo":4,"minecraft:stone":373,"immersiveengineering:ore_aluminum":4,"create:dark_oak_window":6,"minecraft:podzol":5,"minecraft:flowering_azalea":1,"minecraft:hanging_roots":2,"quark:blue_corundum":3,"vampirism:altar_cleansing":1,"minecraft:stone_brick_slab":1,"minecraft:observer":1,"minecraft:dandelion":16,"quark:polished_andesite_vertical_slab":5,"minecraft:crafting_table":1,"minecraft:cornflower":3,"quark:blossom_door":2,"minecraft:stone_slab":4,"minecraft:tall_grass":75,"minecraft:deepslate_coal_ore":8,"minecraft:deepslate_gold_ore":11,"minecraft:lapis_ore":3,"minecraft:diorite":6,"minecraft:birch_planks":122,"butchersdelight:deadcowblock":3,"minecraft:beehive":3,"minecraft:gray_bed":1,"minecraft:birch_leaves":7,"quark:andesite_bricks_vertical_slab":1,"thermal:deepslate_silver_ore":5,"twilightforest:bold_stone_pillar":7,"thermal:silver_ore":2,"minecraft:coal_ore":105,"evilcraft:blood_stain":1,"werewolves:deepslate_silver_ore":2,"minecraft:gravel":96,"minecraft:cobweb":52,"thermal:rubberwood_leaves":15,"minecraft:cracked_stone_bricks":10,"minecraft:acacia_planks":4,"minecraft:stone_bricks":10,"minecraft:polished_andesite":3,"minecraft:gold_ore":5,"minecraft:mossy_stone_bricks":3,"minecraft:chipped_anvil":1,"thermal:deepslate_sulfur_ore":8,"minecraft:fern":630},"minecraft:broken":{"minecraft:iron_shovel":8,"minecraft:iron_boots":2,"minecraft:iron_chestplate":2,"minecraft:iron_leggings":2,"minecraft:diamond_axe":1,"minecraft:iron_axe":2,"minecraft:iron_helmet":2},"minecraft:used":{"minecraft:iron_shovel":2037,"minecraft:spruce_slab":1,"quark:dark_oak_post":6,"minecraft:ladder":1,"quark:polished_andesite_vertical_slab":21,"minecraft:shield":16,"minecraft:stone":25,"twilightforest:bold_stone_pillar":16,"minecraft:jungle_planks":16,"immersiveengineering:cokebrick":1,"minecraft:beehive":2,"minecraft:obsidian":9,"born_in_chaos_v1:corpse_maggot":2,"born_in_chaos_v1:smoked_flesh":66,"minecraft:lava_bucket":44,"minecraft:lantern":4,"minecraft:polished_andesite_stairs":7,"minecraft:stone_brick_stairs":2,"minecraft:stone_bricks":3,"minecraft:gray_bed":1,"grimoireofgaia:meat":7,"minecraft:egg":1,"thermal:rubberwood_planks":4,"minecraft:dark_oak_sapling":44,"minecraft:dark_oak_stairs":73,"minecraft:oak_planks":13,"minecraft:sugar_cane":52,"minecraft:diamond_axe":1591,"minecraft:sand":2,"minecraft:blast_furnace":4,"quark:andesite_bricks_vertical_slab":1,"immersiveengineering:hammer":2,"minecraft:bread":54,"minecraft:dark_oak_log":150,"born_in_chaos_v1:monster_flesh":2,"tombstone:grave_key":3,"minecraft:diamond_ore":1,"born_in_chaos_v1:smoked_monster_flesh":1,"tconstruct:tinkers_chest":1,"minecraft:soul_lantern":1,"minecraft:diamond_sword":1092,"vampirism:altar_cleansing":1,"minecraft:dark_oak_fence":48,"tconstruct:crafting_station":1,"minecraft:andesite":8,"minecraft:birch_log":4,"minecraft:bone_meal":32,"minecraft:flint_and_steel":78,"minecraft:spruce_planks":4,"born_in_chaos_v1:smoked_fish":1,"minecraft:netherrack":9,"minecraft:cooked_chicken":2,"minecraft:torch":183,"minecraft:dirt":42,"scalinghealth:heart_crystal":16,"quark:yellow_blossom_sapling":1,"create:copper_casing":2,"mysticalagriculture:infusion_pedestal":1,"minecraft:dark_oak_planks":1187,"create:dark_oak_window_pane":12,"minecraft:iron_axe":495,"minecraft:jungle_log":15,"tconstruct:tinker_station":1,"eatanomelette:omelette":3,"minecraft:bamboo":1,"quark:andesite_bricks":1,"tconstruct:part_builder":1,"scalinghealth:bandages":1,"quark:blossom_planks":65,"tombstone:gift":5,"immersiveengineering:alloybrick":1,"minecraft:cooked_beef":6,"minecraft:acacia_planks":4,"minecraft:cobbled_deepslate":155,"quark:blossom_log":15,"minecraft:cooked_mutton":30,"minecraft:water_bucket":10,"tconstruct:modifier_worktable":1,"minecraft:cobblestone_stairs":31,"minecraft:birch_planks":109,"quark:ancient_planks":4,"minecraft:polished_andesite":93,"minecraft:stonecutter":1,"minecraft:cracked_stone_bricks":5,"minecraft:tnt":2,"minecraft:crafting_table":3,"minecraft:red_bed":1,"minecraft:white_bed":2,"minecraft:smoker":1,"minecraft:dark_oak_door":1,"farmersdelight:smoked_ham":4,"tombstone:bag_of_seeds":2,"minecraft:diamond_pickaxe":1315,"minecraft:apple":3,"minecraft:diamond_shovel":186,"quark:blossom_door":3,"tconstruct:part_chest":1,"minecraft:chiseled_stone_bricks":1,"minecraft:cobblestone":325,"minecraft:cooked_porkchop":7,"minecraft:bucket":56,"born_in_chaos_v1:wood_splitter_axe":132,"alexsmobs:animal_dictionary":1,"create:dark_oak_window":6},"minecraft:killed_by":{"born_in_chaos_v1:nightmare_stalker":1,"minecraft:creeper":1,"born_in_chaos_v1:zombie_bruiser":1,"alexsmobs:capuchin_monkey":1,"hmag:zombie_girl":2,"alexsmobs:murmur_head":1,"undead_unleashed:frenzied_knight":3,"grimoireofgaia:bone_knight":1,"minecraft:silverfish":3,"minecraft:zombie":2,"vampirism:vampire":1,"grimoireofgaia:cobblestone_golem":2,"born_in_chaos_v1:bloody_gadfly":1,"born_in_chaos_v1:barrel_zombie":1,"alexsmobs:tiger":1,"grimoireofgaia:shaman":2,"minecraft:skeleton":2,"mowziesmobs:foliaath":1,"born_in_chaos_v1:missioner":1,"grimoireofgaia:hunter":2},"minecraft:dropped":{"minecraft:birch_planks":2,"butchersdelight:dead_cow":2,"minecraft:diamond_axe":2,"minecraft:spore_blossom":3,"immersiveengineering:blueprint":6,"minecraft:mossy_stone_brick_stairs":1,"minecraft:cracked_stone_bricks":6,"hmag:emerald_fragment":2,"farmersdelight:rice":1,"minecraft:gold_block":14,"minecraft:cobblestone_stairs":13,"minecraft:dirt":79,"minecraft:dark_oak_log":4,"minecraft:chain":2,"minecraft:gold_nugget":31,"minecraft:sand":6,"werewolves:wolfsbane":2,"minecraft:white_wool":64,"minecraft:bone":7,"minecraft:dark_oak_door":2,"minecraft:diamond_block":7,"minecraft:iron_nugget":22,"minecraft:cobbled_deepslate":1,"butchersdelight:cleaver":1,"minecraft:rotten_flesh":10,"born_in_chaos_v1:smoked_flesh":1,"minecraft:oak_planks":3,"minecraft:mossy_stone_brick_slab":8,"minecraft:beehive":2,"minecraft:azure_bluet":1,"evilcraft:flesh_humanoid":1,"minecraft:chiseled_stone_bricks":1,"minecraft:tipped_arrow":1,"minecraft:melon_seeds":3,"minecraft:beetroot_seeds":2,"mysticalagriculture:inferium_essence":1,"born_in_chaos_v1:corpse_maggot":6,"quark:blossom_door":4,"minecraft:arrow":2,"alexsmobs:banana":9,"minecraft:stone_brick_stairs":1,"minecraft:wheat_seeds":328,"minecraft:mossy_cobblestone":8,"scalinghealth:cursed_heart":1,"mowziesmobs:foliaath_seed":1,"minecraft:cobblestone":23,"minecraft:observer":1,"farmersdelight:tree_bark":2,"immersiveengineering:treated_fence":2,"minecraft:stick":61,"scalinghealth:medkit":1,"mysticalagriculture:iron_seeds":1,"quark:clear_shard":2,"minecraft:torch":1,"minecraft:repeater":1,"grimoireofgaia:taproot":2,"minecraft:oak_stairs":4,"minecraft:flowering_azalea":3,"minecraft:smooth_stone":4,"minecraft:chainmail_leggings":1,"minecraft:tripwire_hook":1,"minecraft:stone_brick_slab":1,"minecraft:smooth_basalt":1,"butchersdelight:deadchiken":1,"minecraft:tuff":4,"minecraft:iron_boots":1,"minecraft:stone_slab":5,"quark:andesite_bricks_vertical_slab":12,"minecraft:oak_sign":6,"minecraft:pumpkin_seeds":1,"minecraft:diamond_sword":1,"minecraft:cobblestone_slab":2,"minecraft:bundle":2,"minecraft:mossy_stone_bricks":4,"minecraft:stone_bricks":6,"minecraft:bamboo":10,"minecraft:spruce_log":2,"sophisticatedbackpacks:copper_backpack":1,"minecraft:raw_gold":1,"scalinghealth:bandages":1,"quark:andesite_bricks":3},"minecraft:custom":{"minecraft:interact_with_crafting_table":50,"minecraft:open_barrel":43,"minecraft:leave_game":7,"minecraft:time_since_death":2795,"minecraft:sprint_one_cm":1833357,"minecraft:damage_blocked_by_shield":904,"minecraft:drop":184,"minecraft:talked_to_villager":7,"minecraft:play_time":678502,"minecraft:deaths":30,"minecraft:jump":9574,"minecraft:walk_on_water_one_cm":97517,"minecraft:interact_with_furnace":30,"minecraft:sleep_in_bed":2,"minecraft:damage_dealt":60767,"minecraft:player_kills":1,"minecraft:crouch_one_cm":34905,"tombstone:undead_killed":97,"minecraft:interact_with_smoker":8,"minecraft:use_cauldron":3,"minecraft:inspect_dispenser":4,"minecraft:interact_with_smithing_table":2,"minecraft:inspect_dropper":2,"minecraft:mob_kills":211,"minecraft:fill_cauldron":2,"minecraft:interact_with_campfire":2,"minecraft:damage_dealt_resisted":3603,"minecraft:climb_one_cm":21525,"minecraft:walk_one_cm":1972064,"minecraft:damage_dealt_absorbed":101,"minecraft:sneak_time":11113,"minecraft:walk_under_water_one_cm":45608,"minecraft:interact_with_blast_furnace":10,"minecraft:total_world_time":678502,"minecraft:tune_noteblock":4,"minecraft:interact_with_stonecutter":7,"minecraft:time_since_rest":2194,"minecraft:damage_taken":37898,"minecraft:trigger_trapped_chest":2,"minecraft:swim_one_cm":73456,"minecraft:fly_one_cm":1849803,"minecraft:open_chest":615,"minecraft:fall_one_cm":182161},"minecraft:crafted":{"minecraft:smooth_stone":1,"minecraft:oak_planks":21,"minecraft:dark_oak_wood":3,"tconstruct:tool_binding":1,"tconstruct:pick_head":1,"minecraft:stone":61,"minecraft:diamond_shovel":1,"minecraft:dark_oak_door":3,"minecraft:glass":52,"immersiveengineering:ingot_silver":8,"minecraft:iron_boots":1,"tconstruct:tinkers_chest":1,"tconstruct:seared_brick":21,"thermal:rubberwood_planks":16,"quark:andesite_bricks":1,"quark:blossom_planks":16,"minecraft:diamond_axe":2,"minecraft:crafting_table":3,"minecraft:spruce_planks":1,"minecraft:polished_andesite_stairs":5,"tconstruct:modifier_worktable":1,"minecraft:iron_helmet":1,"tconstruct:tool_handle":1,"butchersdelight:cleaver":1,"minecraft:birch_planks":16,"quark:andesite_bricks_vertical_slab":6,"minecraft:iron_chestplate":1,"minecraft:yellow_dye":23,"minecraft:diamond_pickaxe":3,"minecraft:shield":1,"minecraft:stick":90,"minecraft:iron_ingot":15,"quark:blossom_door":3,"quark:ancient_planks":1,"minecraft:light_gray_dye":2,"tconstruct:seared_bricks":5,"create:dark_oak_window":18,"quark:polished_andesite_vertical_slab":16,"minecraft:polished_andesite":32,"tconstruct:pickaxe":1,"tconstruct:pattern":18,"create:dark_oak_window_pane":32,"tconstruct:part_builder":1,"quark:jungle_chest":2,"minecraft:bone_meal":5,"minecraft:flint_and_steel":1,"tconstruct:tinker_station":1,"minecraft:dark_oak_fence":66,"minecraft:iron_axe":2,"quark:dark_oak_post":8,"minecraft:dark_oak_planks":331,"quark:dark_oak_ladder":56,"minecraft:wheat":27,"minecraft:red_dye":18,"minecraft:diamond_sword":1,"minecraft:dark_oak_stairs":64,"tconstruct:part_chest":1,"minecraft:bucket":1,"minecraft:jungle_planks":81,"minecraft:bread":9,"minecraft:air":1761,"minecraft:blue_dye":3,"tconstruct:crafting_station":1,"minecraft:iron_shovel":8,"minecraft:iron_leggings":1,"minecraft:acacia_planks":16,"minecraft:torch":268,"minecraft:clay":8,"tconstruct:grout":64},"minecraft:picked_up":{"minecraft:diamond_sword":1,"minecraft:stone_slab":5,"goblins:goblin_rotten_meat":1,"minecraft:stone_brick_stairs":3,"minecraft:string":34,"thermal:rubberwood_planks":4,"quark:blossom_door":2,"minecraft:oak_sign":6,"alexsmobs:banana":14,"mysticalagriculture:inferium_essence":32,"minecraft:gold_nugget":18,"minecraft:cobbled_deepslate":1,"born_in_chaos_v1:charmof_power":2,"hmag:bat_wing":3,"minecraft:cobblestone_slab":2,"minecraft:melon_slice":89,"grimoireofgaia:taproot":2,"minecraft:beehive":4,"minecraft:stick":125,"born_in_chaos_v1:shattered_skull":1,"minecraft:torch":5,"minecraft:acacia_log":2,"born_in_chaos_v1:pileof_dark_metal":2,"quark:blossom_log":31,"werewolves:wolfsbane":2,"vampirism:vampire_fang":1,"tombstone:grave_dust":9,"immersiveengineering:alloybrick":1,"quark:blossom_planks":144,"quark:polished_andesite_vertical_slab":5,"minecraft:rotten_flesh":65,"create:copper_casing":2,"farmersdelight:tree_bark":2,"quark:ancient_planks":4,"minecraft:mangrove_roots":7,"minecraft:obsidian":9,"alexsmobs:flying_fish":2,"minecraft:cobblestone":84,"minecraft:birch_log":36,"minecraft:magma_block":6,"minecraft:feather":2,"minecraft:repeater":1,"minecraft:jungle_log":375,"minecraft:andesite":166,"minecraft:smoker":1,"minecraft:flint":10,"minecraft:dirt":212,"minecraft:lantern":3,"born_in_chaos_v1:monster_skin":2,"minecraft:bone":44,"minecraft:acacia_planks":4,"minecraft:wheat_seeds":627,"minecraft:raw_gold":5,"thermal:rubberwood_sapling":2,"minecraft:mossy_stone_bricks":3,"minecraft:bamboo":64,"minecraft:oak_planks":4,"minecraft:mossy_stone_brick_stairs":1,"hmag:soul_powder":7,"minecraft:sand":102,"immersiveengineering:raw_aluminum":5,"minecraft:jungle_planks":4,"quark:andesite_bricks":3,"minecraft:stripped_spruce_log":1,"minecraft:dark_oak_log":490,"quark:dark_oak_post":5,"minecraft:mossy_cobblestone":7,"graveyard:upper_bone_staff":1,"minecraft:bundle":1,"minecraft:polished_andesite":3,"minecraft:soul_lantern":1,"thermal:rubberwood_log":50,"minecraft:bone_meal":1,"minecraft:netherrack":14,"minecraft:dark_oak_fence":11,"minecraft:oak_sapling":24,"minecraft:cocoa_beans":18,"minecraft:crafting_table":1,"born_in_chaos_v1:smoked_monster_flesh":1,"minecraft:ladder":1,"minecraft:clay_ball":180,"immersiveengineering:coal_coke":10,"quark:andesite_bricks_vertical_slab":7,"twilightforest:bold_stone_pillar":7,"minecraft:gold_block":2,"minecraft:chain":1,"minecraft:brick":2,"minecraft:red_bed":1,"born_in_chaos_v1:intoxicating_decoction":3,"butchersdelight:dead_cow":3,"minecraft:cracked_stone_bricks":10,"minecraft:observer":1,"immersiveengineering:treated_fence":2,"minecraft:jungle_sapling":21,"minecraft:iron_nugget":17,"minecraft:poppy":16,"minecraft:spruce_slab":1,"quark:yellow_blossom_sapling":2,"minecraft:sugar_cane":47,"minecraft:birch_sapling":13,"minecraft:egg":1,"minecraft:dark_oak_sapling":48,"minecraft:raw_iron":3,"grimoireofgaia:meat":7,"born_in_chaos_v1:pieceofdarkmetal":1,"born_in_chaos_v1:charmof_endurance":1,"minecraft:redstone":3,"minecraft:dark_oak_planks":277,"born_in_chaos_v1:charmof_fury":1,"minecraft:arrow":6,"butchersdelight:deadsheep":1,"born_in_chaos_v1:wood_splitter_axe":1,"minecraft:hay_block":3,"sophisticatedbackpacks:copper_backpack":1,"minecraft:mutton":20,"minecraft:skeleton_skull":1,"born_in_chaos_v1:fused_bone":1,"minecraft:oxeye_daisy":1,"minecraft:stripped_oak_log":1,"born_in_chaos_v1:corpse_maggot":8,"hmag:emerald_fragment":1,"born_in_chaos_v1:monster_flesh":4,"minecraft:tripwire_hook":1,"minecraft:red_mushroom":20,"minecraft:birch_planks":117,"minecraft:oak_log":60,"scalinghealth:bandages":5,"minecraft:gunpowder":2,"scalinghealth:heart_crystal":4,"butchersdelight:deadchiken":1,"immersiveengineering:cokebrick":1,"minecraft:apple":10,"minecraft:stone_bricks":7,"mowziesmobs:foliaath_seed":4,"minecraft:spore_blossom":3,"born_in_chaos_v1:smoked_flesh":1,"minecraft:iron_ingot":45,"scalinghealth:power_crystal_shard":12,"tombstone:bag_of_seeds":1,"vampirism:altar_cleansing":1,"minecraft:flowering_azalea":3,"minecraft:dark_oak_stairs":36,"minecraft:polished_andesite_stairs":2,"minecraft:pumpkin":10,"minecraft:chiseled_stone_bricks":2,"minecraft:stone_brick_slab":1,"born_in_chaos_v1:ethereal_spirit":7,"minecraft:dandelion":7,"minecraft:gravel":74,"undead_unleashed:grave_metal_scrap":6,"minecraft:white_bed":1,"minecraft:spruce_log":2,"grimoireofgaia:box_iron":1,"minecraft:crying_obsidian":2,"quark:blue_corundum_cluster":7,"minecraft:mossy_stone_brick_slab":8,"minecraft:spider_eye":2,"butchersdelight:sheephide":5,"immersiveengineering:seed":178,"evilcraft:dark_gem":13,"minecraft:diamond_axe":2,"grimoireofgaia:rotten_heart":1,"tombstone:magic_scroll":1,"quark:blue_corundum":3,"minecraft:coal":68},"minecraft:killed":{"born_in_chaos_v1:zombie_clown":1,"alexsmobs:hummingbird":1,"vampirism:vampire":2,"born_in_chaos_v1:restless_spirit":2,"born_in_chaos_v1:zombie_lumberjack":4,"minecraft:spider":12,"born_in_chaos_v1:siamese_skeletonsright":1,"born_in_chaos_v1:baby_skeleton_minion":1,"minecraft:skeleton":5,"grimoireofgaia:mimic":1,"alexsmobs:leafcutter_ant":1,"minecraft:silverfish":15,"mowziesmobs:foliaath":2,"hmag:catoblepas":1,"grimoireofgaia:flesh_lich":1,"grimoireofgaia:spriggan":1,"minecraft:zombie_villager":3,"grimoireofgaia:bone_knight":3,"grimoireofgaia:cobblestone_golem":2,"minecraft:creeper":2,"grimoireofgaia:hunter":1,"undead_unleashed:frenzied_knight":1,"minecraft:zombie":32,"undead_unleashed:shadewraith":2,"born_in_chaos_v1:dread_hound":4,"grimoireofgaia:deathword":1,"born_in_chaos_v1:corpse_fly":7,"hmag:melty_monster":1,"alexsmobs:fly":2,"born_in_chaos_v1:door_knight":1,"born_in_chaos_v1:siamese_skeletonsleft":2,"graveyard:revenant":1,"hmag:skeleton_girl":1,"born_in_chaos_v1:zombie_bruiser":3,"born_in_chaos_v1:maggot":8,"minecraft:horse":1,"grimoireofgaia:ender_eye":1,"hmag:zombie_girl":5,"hmag:dogu":1,"grimoireofgaia:creep":1,"born_in_chaos_v1:corpse_fish":4,"alexsmobs:flying_fish":2,"born_in_chaos_v1:barrel_zombie":3,"hmag:ghost":9,"born_in_chaos_v1:baby_skeleton":6,"born_in_chaos_v1:swarmer":1,"born_in_chaos_v1:decrepit_skeleton":10,"born_in_chaos_v1:decaying_zombie":1,"alexsmobs:crow":2,"grimoireofgaia:werecat":7}},"DataVersion":3120}