{
  "tombstone:adventure/neighborhood_brawl": {
    "criteria": {
      "coded_trigger": "2024-08-31 20:32:58 +0000"
    },
    "done": true
  },
  "vampirism:vampire/extra_storage": {
    "criteria": {
      "blood_container": "2024-09-03 08:36:23 +0000"
    },
    "done": true
  },
  "alexsmobs:alexsmobs/emu": {
    "criteria": {
      "killed": "2024-08-31 20:00:49 +0000"
    },
    "done": true
  },
  "create:wrench_goggles": {
    "criteria": {
      "0": "2024-08-31 20:21:58 +0000",
      "1": "2024-08-31 20:15:49 +0000"
    },
    "done": true
  },
  "create:deployer": {
    "criteria": {
      "0": "2024-09-01 03:16:26 +0000"
    },
    "done": true
  },
  "grimoireofgaia:main/deathword": {
    "criteria": {
      "kill": "2024-09-03 06:50:32 +0000"
    },
    "done": true
  },
  "vampirism:main/ancient_knowledge": {
    "criteria": {
      "blood_container": "2024-09-03 08:01:02 +0000"
    },
    "done": true
  },
  "farmersdelight:main/plant_all_crops": {
    "criteria": {
      "kelp": "2024-08-31 21:20:10 +0000",
      "sugar_cane": "2024-08-30 06:12:52 +0000"
    },
    "done": false
  },
  "grimoireofgaia:main/wither_cow": {
    "criteria": {
      "kill": "2024-09-02 22:22:55 +0000"
    },
    "done": true
  },
  "minecraft:nether/obtain_crying_obsidian": {
    "criteria": {
      "crying_obsidian": "2024-09-02 22:54:11 +0000"
    },
    "done": true
  },
  "alexsmobs:alexsmobs/stomp_leafcutter_anthill": {
    "criteria": {
      "ex": "2024-09-03 07:30:09 +0000"
    },
    "done": true
  },
  "farmersdelight:main/use_cutting_board": {
    "criteria": {
      "cutting_board": "2024-09-01 01:32:01 +0000"
    },
    "done": true
  },
  "grimoireofgaia:main/flesh_lich": {
    "criteria": {
      "kill": "2024-08-31 23:07:06 +0000"
    },
    "done": true
  },
  "tconstruct:tools/materials_and_you": {
    "criteria": {
      "crafted_book": "2024-08-30 05:00:34 +0000"
    },
    "done": true
  },
  "evilcraft:evil_source": {
    "criteria": {
      "criteria_0": "2024-08-31 22:48:17 +0000"
    },
    "done": true
  },
  "tconstruct:internal/starting_book": {
    "criteria": {
      "tick": "2024-08-30 05:00:34 +0000"
    },
    "done": true
  },
  "tombstone:adventure/ashes_and_bones": {
    "criteria": {
      "coded_trigger": "2024-08-31 20:40:35 +0000"
    },
    "done": true
  },
  "create:copper": {
    "criteria": {
      "0": "2024-08-31 23:59:09 +0000"
    },
    "done": true
  },
  "create:andesite_alloy": {
    "criteria": {
      "0": "2024-08-31 20:18:53 +0000"
    },
    "done": true
  },
  "create:steam_engine": {
    "criteria": {
      "0": "2024-09-02 01:16:12 +0000"
    },
    "done": true
  },
  "minecraft:nether/root": {
    "criteria": {
      "entered_nether": "2024-09-02 22:15:52 +0000"
    },
    "done": true
  },
  "create:mechanical_mixer": {
    "criteria": {
      "0": "2024-09-02 00:33:24 +0000"
    },
    "done": true
  },
  "create:water_wheel": {
    "criteria": {
      "0": "2024-08-31 20:13:23 +0000"
    },
    "done": true
  },
  "create:super_glue": {
    "criteria": {
      "0": "2024-09-02 02:40:53 +0000"
    },
    "done": true
  },
  "minecraft:nether/find_fortress": {
    "criteria": {
      "in_better_fortress": "2024-09-02 23:23:49 +0000"
    },
    "done": true
  },
  "create:mechanical_press": {
    "criteria": {
      "0": "2024-08-31 20:26:35 +0000"
    },
    "done": true
  },
  "create:crafter_lazy_000": {
    "criteria": {
      "0": "2024-09-01 01:45:47 +0000"
    },
    "done": true
  },
  "mowziesmobs:sneak_grove": {
    "criteria": {
      "steal_crystal": "2024-08-31 21:24:14 +0000"
    },
    "done": true
  },
  "minecraft:story/shiny_gear": {
    "criteria": {
      "diamond_boots": "2024-09-03 06:52:49 +0000"
    },
    "done": true
  },
  "grimoireofgaia:main/orc": {
    "criteria": {
      "kill": "2024-09-01 23:32:56 +0000"
    },
    "done": true
  },
  "create:portable_storage_interface": {
    "criteria": {
      "0": "2024-09-02 04:53:37 +0000"
    },
    "done": true
  },
  "grimoireofgaia:main/ender_eye": {
    "criteria": {
      "kill": "2024-08-31 22:50:27 +0000"
    },
    "done": true
  },
  "create:glass_pipe": {
    "criteria": {
      "0": "2024-09-02 07:04:00 +0000"
    },
    "done": true
  },
  "alexsmobs:alexsmobs/sunbird_blessing": {
    "criteria": {
      "all_effects": "2024-09-03 07:48:39 +0000"
    },
    "done": true
  },
  "evilcraft:first_age": {
    "criteria": {
      "criteria_0": "2024-08-30 05:49:04 +0000"
    },
    "done": true
  },
  "create:copper_casing": {
    "criteria": {
      "0": "2024-09-02 05:23:57 +0000"
    },
    "done": true
  },
  "mowziesmobs:root": {
    "criteria": {
      "custom_test_name": "2024-08-30 05:00:34 +0000"
    },
    "done": true
  },
  "minecraft:nether/distract_piglin": {
    "criteria": {
      "distract_piglin": "2024-09-02 22:41:41 +0000"
    },
    "done": true
  },
  "tombstone:adventure/cancel_ghostly_shape": {
    "criteria": {
      "coded_trigger": "2024-08-31 21:20:00 +0000"
    },
    "done": true
  },
  "create:mechanical_crafter": {
    "criteria": {
      "0": "2024-09-01 01:39:09 +0000"
    },
    "done": true
  },
  "create:funnel": {
    "criteria": {
      "0": "2024-09-01 02:53:23 +0000"
    },
    "done": true
  },
  "tombstone:adventure/magic_siphoner": {
    "criteria": {
      "coded_trigger": "2024-09-03 07:47:28 +0000"
    },
    "done": true
  },
  "betterdungeons:all_dungeons": {
    "criteria": {
      "in_better_monster_room": "2024-08-31 22:48:07 +0000"
    },
    "done": false
  },
  "farmersdelight:main/get_fd_seed": {
    "criteria": {
      "rice": "2024-08-31 23:20:53 +0000"
    },
    "done": true
  },
  "immersiveengineering:main/creosote": {
    "criteria": {
      "has_item": "2024-09-03 20:50:56 +0000"
    },
    "done": true
  },
  "grimoireofgaia:main/bone_knight": {
    "criteria": {
      "kill": "2024-08-31 22:43:29 +0000"
    },
    "done": true
  },
  "grimoireofgaia:main/cobblestone_golem": {
    "criteria": {
      "kill": "2024-09-02 00:06:41 +0000"
    },
    "done": true
  },
  "tombstone:adventure/root": {
    "criteria": {
      "auto": "2024-08-30 05:00:35 +0000"
    },
    "done": true
  },
  "create:compacting": {
    "criteria": {
      "0": "2024-08-31 20:33:51 +0000"
    },
    "done": true
  },
  "tombstone:adventure/bone_crusher": {
    "criteria": {
      "coded_trigger": "2024-08-31 22:57:07 +0000"
    },
    "done": true
  },
  "vampirism:vampire/first_blood": {
    "criteria": {
      "flower": "2024-09-03 08:40:42 +0000"
    },
    "done": true
  },
  "tombstone:adventure/find_grave_dust": {
    "criteria": {
      "from_undead": "2024-08-31 20:38:54 +0000"
    },
    "done": true
  },
  "endrem:main/nether_eye": {
    "criteria": {
      "nether_eye": "2024-09-02 23:31:31 +0000"
    },
    "done": true
  },
  "minecraft:husbandry/balanced_diet": {
    "criteria": {
      "beef": "2024-09-03 20:58:19 +0000",
      "spider_eye": "2024-09-03 20:58:08 +0000",
      "bread": "2024-08-31 19:59:47 +0000",
      "rotten_flesh": "2024-09-03 08:13:56 +0000",
      "dried_kelp": "2024-09-02 00:24:29 +0000",
      "carrot": "2024-08-31 23:12:11 +0000"
    },
    "done": false
  },
  "tombstone:recipes/from_grave_key": {
    "criteria": {
      "has_ingredient": "2024-08-31 21:19:03 +0000"
    },
    "done": true
  },
  "create:chute": {
    "criteria": {
      "0": "2024-09-01 03:58:07 +0000"
    },
    "done": true
  },
  "create:brass": {
    "criteria": {
      "0": "2024-09-01 01:34:41 +0000"
    },
    "done": true
  },
  "create:mechanical_pump_0": {
    "criteria": {
      "0": "2024-09-02 01:14:34 +0000"
    },
    "done": true
  },
  "grimoireofgaia:main/harpy": {
    "criteria": {
      "kill": "2024-08-30 05:17:57 +0000"
    },
    "done": true
  },
  "create:speed_controller": {
    "criteria": {
      "0": "2024-09-01 03:48:08 +0000"
    },
    "done": true
  },
  "grimoireofgaia:main/arachne": {
    "criteria": {
      "kill": "2024-08-31 22:57:32 +0000"
    },
    "done": true
  },
  "undead_unleashed:boo": {
    "criteria": {
      "boo": "2024-08-31 22:57:43 +0000"
    },
    "done": true
  },
  "twilightforest:beanstalk": {
    "criteria": {
      "beans": "2024-08-31 23:20:53 +0000"
    },
    "done": false
  },
  "minecraft:story/iron_tools": {
    "criteria": {
      "iron_pickaxe": "2024-08-31 23:54:27 +0000"
    },
    "done": true
  },
  "vampirism:hunter/betrayal": {
    "criteria": {
      "kill": "2024-09-03 08:44:20 +0000"
    },
    "done": false
  },
  "vampirism:main/root": {
    "criteria": {
      "main": "2024-08-31 21:21:35 +0000"
    },
    "done": true
  },
  "minecraft:story/root": {
    "criteria": {
      "crafting_table": "2024-08-30 05:40:30 +0000"
    },
    "done": true
  },
  "tombstone:adventure/first_grave": {
    "criteria": {
      "coded_trigger": "2024-08-31 21:19:02 +0000"
    },
    "done": true
  },
  "graveyard:graveyard/corruption": {
    "criteria": {
      "corruption": "2024-08-31 22:55:08 +0000"
    },
    "done": true
  },
  "create:burner": {
    "criteria": {
      "0": "2024-09-02 23:24:12 +0000"
    },
    "done": true
  },
  "tombstone:adventure/stolen_magic": {
    "criteria": {
      "coded_trigger": "2024-09-03 07:22:45 +0000"
    },
    "done": true
  },
  "tombstone:adventure/fortuitous_militia": {
    "criteria": {
      "coded_trigger": "2024-08-31 23:40:29 +0000"
    },
    "done": true
  },
  "create:precision_mechanism": {
    "criteria": {
      "0": "2024-09-01 03:22:43 +0000"
    },
    "done": true
  },
  "grimoireofgaia:main/mimic": {
    "criteria": {
      "kill": "2024-08-31 23:00:35 +0000"
    },
    "done": true
  },
  "betterdungeons:small_dungeon": {
    "criteria": {
      "in_better_monster_room": "2024-08-31 22:48:07 +0000"
    },
    "done": true
  },
  "graveyard:graveyard/kill_horde": {
    "criteria": {
      "kill_horde": "2024-09-02 00:06:34 +0000"
    },
    "done": true
  },
  "create:contraption_actors": {
    "criteria": {
      "0": "2024-09-02 02:47:36 +0000"
    },
    "done": true
  },
  "artifacts:amateur_archaeologist": {
    "criteria": {
      "find_artifact": "2024-08-30 05:21:40 +0000"
    },
    "done": true
  },
  "create:windmill": {
    "criteria": {
      "0": "2024-09-02 02:28:04 +0000"
    },
    "done": true
  },
  "minecraft:story/form_obsidian": {
    "criteria": {
      "obsidian": "2024-09-02 21:55:59 +0000"
    },
    "done": true
  },
  "create:rose_quartz": {
    "criteria": {
      "0": "2024-09-01 01:33:12 +0000"
    },
    "done": true
  },
  "create:spout": {
    "criteria": {
      "0": "2024-09-02 05:27:06 +0000"
    },
    "done": true
  },
  "betterdungeons:root": {
    "criteria": {
      "always": "2024-08-30 05:00:34 +0000"
    },
    "done": true
  },
  "minecraft:nether/get_wither_skull": {
    "criteria": {
      "wither_skull": "2024-09-02 23:23:48 +0000"
    },
    "done": true
  },
  "immersiveengineering:main/villager": {
    "criteria": {
      "meet_electrician": "2024-08-31 21:27:01 +0000"
    },
    "done": true
  },
  "evilcraft:second_age": {
    "criteria": {
      "criteria_0": "2024-08-31 23:39:43 +0000"
    },
    "done": true
  },
  "minecraft:adventure/kill_a_mob": {
    "criteria": {
      "minecraft:skeleton": "2024-08-30 05:18:15 +0000"
    },
    "done": true
  },
  "create:millstone": {
    "criteria": {
      "0": "2024-08-31 21:07:22 +0000"
    },
    "done": true
  },
  "takesapillage:root": {
    "criteria": {
      "always": "2024-08-30 05:00:34 +0000"
    },
    "done": true
  },
  "grimoireofgaia:main/shaman": {
    "criteria": {
      "kill": "2024-09-02 00:02:29 +0000"
    },
    "done": true
  },
  "minecraft:story/obtain_armor": {
    "criteria": {
      "iron_leggings": "2024-08-30 05:33:48 +0000"
    },
    "done": true
  },
  "tombstone:recipes/from_grave_dust": {
    "criteria": {
      "has_ingredient": "2024-08-31 20:38:54 +0000"
    },
    "done": true
  },
  "minecraft:nether/obtain_blaze_rod": {
    "criteria": {
      "blaze_rod": "2024-09-02 23:24:10 +0000"
    },
    "done": true
  },
  "minecraft:story/mine_stone": {
    "criteria": {
      "get_stone": "2024-08-30 06:30:40 +0000"
    },
    "done": true
  },
  "deeperdarker:main/kill_all_sculk_mobs": {
    "criteria": {
      "phantom": "2024-08-31 20:17:04 +0000"
    },
    "done": false
  },
  "create:crushing_wheel": {
    "criteria": {
      "0": "2024-09-01 02:01:04 +0000"
    },
    "done": true
  },
  "dungeons_arise:find_illager_campsite": {
    "criteria": {
      "location0": "2024-08-30 05:06:32 +0000"
    },
    "done": true
  },
  "undead_unleashed:shards_of_the_past": {
    "criteria": {
      "shards_of_the_past": "2024-08-30 05:18:17 +0000"
    },
    "done": true
  },
  "minecraft:adventure/adventuring_time": {
    "criteria": {
      "minecraft:birch_forest": "2024-08-31 21:13:20 +0000",
      "minecraft:windswept_hills": "2024-08-30 05:00:35 +0000",
      "minecraft:bamboo_jungle": "2024-09-03 21:04:00 +0000",
      "minecraft:beach": "2024-08-31 21:14:07 +0000",
      "minecraft:sparse_jungle": "2024-08-30 05:34:11 +0000",
      "minecraft:river": "2024-09-03 07:50:17 +0000",
      "minecraft:dripstone_caves": "2024-08-31 22:47:18 +0000",
      "minecraft:forest": "2024-08-30 05:02:31 +0000",
      "minecraft:ocean": "2024-08-31 21:14:33 +0000",
      "minecraft:old_growth_birch_forest": "2024-08-31 21:13:19 +0000",
      "minecraft:savanna": "2024-08-30 05:01:20 +0000",
      "minecraft:plains": "2024-08-30 05:03:48 +0000"
    },
    "done": false
  },
  "create:andesite_casing": {
    "criteria": {
      "0": "2024-08-31 20:18:56 +0000"
    },
    "done": true
  },
  "tombstone:adventure/strong_or_careful": {
    "criteria": {
      "coded_trigger": "2024-08-31 21:19:02 +0000"
    },
    "done": true
  },
  "minecraft:adventure/sleep_in_bed": {
    "criteria": {
      "slept_in_bed": "2024-08-30 05:38:00 +0000"
    },
    "done": true
  },
  "undead_unleashed:undead_unleashed": {
    "criteria": {
      "undead_unleashed": "2024-08-30 05:00:34 +0000"
    },
    "done": true
  },
  "minecraft:story/lava_bucket": {
    "criteria": {
      "lava_bucket": "2024-08-31 20:31:38 +0000"
    },
    "done": true
  },
  "grimoireofgaia:main/minotaur": {
    "criteria": {
      "kill": "2024-09-03 09:03:52 +0000"
    },
    "done": true
  },
  "minecraft:husbandry/root": {
    "criteria": {
      "consumed_item": "2024-08-31 19:59:47 +0000"
    },
    "done": true
  },
  "immersiveengineering:main/craft_hammer": {
    "criteria": {
      "has_item": "2024-08-31 23:26:53 +0000"
    },
    "done": true
  },
  "grimoireofgaia:main/minotaurus": {
    "criteria": {
      "kill": "2024-08-31 22:33:40 +0000"
    },
    "done": true
  },
  "alexsmobs:alexsmobs/leafcutter_ant_pupa": {
    "criteria": {
      "leafcutter_ant_pupa": "2024-09-03 07:30:16 +0000"
    },
    "done": true
  },
  "tombstone:adventure/master_siphoner": {
    "criteria": {
      "coded_trigger": "2024-09-03 08:39:08 +0000"
    },
    "done": true
  },
  "alexsmobs:alexsmobs/soul_vulture": {
    "criteria": {
      "killed": "2024-09-02 23:42:59 +0000"
    },
    "done": true
  },
  "mowziesmobs:kill_foliaath": {
    "criteria": {
      "foliaath": "2024-09-03 08:59:19 +0000"
    },
    "done": true
  },
  "farmersdelight:main/get_rich_soil": {
    "criteria": {
      "get_rich_soil": "2024-09-02 00:01:18 +0000"
    },
    "done": true
  },
  "tconstruct:world/slime_collector": {
    "criteria": {
      "magma_cream": "2024-09-02 23:41:22 +0000",
      "earth": "2024-08-30 05:33:54 +0000"
    },
    "done": false
  },
  "create:shifting_gears": {
    "criteria": {
      "0": "2024-08-31 20:20:40 +0000"
    },
    "done": true
  },
  "tombstone:adventure/crime_in_town": {
    "criteria": {
      "coded_trigger": "2024-09-03 09:04:44 +0000"
    },
    "done": true
  },
  "minecraft:adventure/root": {
    "criteria": {
      "killed_something": "2024-08-30 05:11:32 +0000"
    },
    "done": true
  },
  "minecraft:adventure/shoot_arrow": {
    "criteria": {
      "shot_arrow": "2024-09-03 07:44:28 +0000"
    },
    "done": true
  },
  "grimoireofgaia:main/creep": {
    "criteria": {
      "kill": "2024-08-31 22:56:43 +0000"
    },
    "done": true
  },
  "farmersdelight:main/root": {
    "criteria": {
      "seeds": "2024-08-30 05:00:34 +0000"
    },
    "done": true
  },
  "graveyard:graveyard/kill_graveyard_mob": {
    "criteria": {
      "ghoul": "2024-09-02 00:05:16 +0000"
    },
    "done": true
  },
  "tombstone:adventure/village_defender": {
    "criteria": {
      "coded_trigger": "2024-09-01 02:13:23 +0000"
    },
    "done": true
  },
  "minecraft:adventure/kill_all_mobs": {
    "criteria": {
      "minecraft:pillager": "2024-09-01 01:50:42 +0000",
      "minecraft:blaze": "2024-09-02 23:24:08 +0000",
      "minecraft:skeleton": "2024-08-30 05:18:15 +0000",
      "minecraft:magma_cube": "2024-09-02 23:03:27 +0000",
      "minecraft:spider": "2024-08-31 21:20:00 +0000",
      "minecraft:creeper": "2024-08-31 22:35:53 +0000",
      "minecraft:phantom": "2024-08-31 20:17:04 +0000",
      "minecraft:witch": "2024-09-01 00:20:23 +0000",
      "minecraft:wither_skeleton": "2024-09-02 23:22:46 +0000",
      "minecraft:cave_spider": "2024-08-31 22:57:39 +0000",
      "minecraft:piglin": "2024-09-02 22:56:14 +0000",
      "minecraft:enderman": "2024-08-31 22:58:50 +0000",
      "minecraft:zombie": "2024-08-31 20:00:41 +0000",
      "quark:foxhound": "2024-09-02 22:41:48 +0000",
      "minecraft:zombie_villager": "2024-08-31 23:13:00 +0000"
    },
    "done": false
  },
  "evilcraft:root": {
    "criteria": {
      "criteria_0": "2024-08-30 05:49:04 +0000"
    },
    "done": true
  },
  "minecraft:story/enter_the_nether": {
    "criteria": {
      "entered_nether": "2024-09-02 22:15:52 +0000"
    },
    "done": true
  },
  "tconstruct:world/blood_island": {
    "criteria": {
      "found_island": "2024-09-02 23:03:11 +0000"
    },
    "done": true
  },
  "vampirism:vampire/become_vampire": {
    "criteria": {
      "main": "2024-09-03 08:07:43 +0000"
    },
    "done": true
  },
  "mowziesmobs:kill_umvuthi": {
    "criteria": {
      "barako": "2024-08-31 21:24:19 +0000"
    },
    "done": true
  },
  "dungeons_arise:wda_root": {
    "criteria": {
      "WDA": "2024-08-30 05:00:34 +0000"
    },
    "done": true
  },
  "minecraft:story/enchant_item": {
    "criteria": {
      "enchanted_item": "2024-09-03 07:11:25 +0000"
    },
    "done": true
  },
  "tombstone:adventure/choose_knowledge": {
    "criteria": {
      "coded_trigger": "2024-08-31 20:28:23 +0000"
    },
    "done": true
  },
  "grimoireofgaia:main/root": {
    "criteria": {
      "join": "2024-08-30 05:00:34 +0000"
    },
    "done": true
  },
  "create:encased_fan": {
    "criteria": {
      "0": "2024-09-01 03:44:35 +0000"
    },
    "done": true
  },
  "farmersdelight:main/eat_nourishing_food": {
    "criteria": {
      "nourishment": "2024-09-03 08:43:18 +0000"
    },
    "done": true
  },
  "farmersdelight:main/place_campfire": {
    "criteria": {
      "campfire": "2024-09-02 01:11:02 +0000"
    },
    "done": true
  },
  "endrem:main/root": {
    "criteria": {
      "nether_eye": "2024-09-02 23:31:31 +0000"
    },
    "done": true
  },
  "minecraft:nether/explore_nether": {
    "criteria": {
      "minecraft:crimson_forest": "2024-09-02 23:19:33 +0000",
      "minecraft:nether_wastes": "2024-09-02 22:36:58 +0000",
      "minecraft:soul_sand_valley": "2024-09-02 22:15:54 +0000",
      "minecraft:basalt_deltas": "2024-09-02 22:25:09 +0000"
    },
    "done": false
  },
  "minecraft:adventure/voluntary_exile": {
    "criteria": {
      "voluntary_exile": "2024-09-01 01:50:42 +0000"
    },
    "done": true
  },
  "create:root": {
    "criteria": {
      "0": "2024-08-30 05:00:34 +0000"
    },
    "done": true
  },
  "minecraft:story/mine_diamond": {
    "criteria": {
      "diamond": "2024-08-30 05:44:53 +0000"
    },
    "done": true
  },
  "tombstone:adventure/first_knowledge": {
    "criteria": {
      "coded_trigger": "2024-08-31 20:17:04 +0000"
    },
    "done": true
  },
  "minecraft:story/upgrade_tools": {
    "criteria": {
      "stone_pickaxe": "2024-08-31 23:04:23 +0000"
    },
    "done": true
  },
  "create:fan_processing": {
    "criteria": {
      "0": "2024-09-01 04:46:44 +0000"
    },
    "done": true
  },
  "create:water_supply": {
    "criteria": {
      "0": "2024-09-02 01:16:11 +0000"
    },
    "done": true
  },
  "farmersdelight:main/eat_comfort_food": {
    "criteria": {
      "comfort": "2024-09-03 08:12:18 +0000"
    },
    "done": true
  },
  "minecraft:story/smelt_iron": {
    "criteria": {
      "iron": "2024-08-31 20:03:58 +0000"
    },
    "done": true
  },
  "create:belt": {
    "criteria": {
      "0": "2024-08-31 22:13:20 +0000"
    },
    "done": true
  },
  "create:brass_casing": {
    "criteria": {
      "0": "2024-09-01 01:35:41 +0000"
    },
    "done": true
  },
  "undead_unleashed:nerves_of_steel": {
    "criteria": {
      "nerves_of_steel": "2024-09-01 05:28:23 +0000"
    },
    "done": true
  },
  "twilightforest:giants": {
    "criteria": {
      "pickaxe": "2024-08-31 23:20:53 +0000"
    },
    "done": false
  },
  "grimoireofgaia:main/succubus": {
    "criteria": {
      "kill": "2024-09-02 22:22:53 +0000"
    },
    "done": true
  },
  "tombstone:adventure/ambush": {
    "criteria": {
      "coded_trigger": "2024-08-31 20:17:04 +0000"
    },
    "done": true
  },
  "DataVersion": 3120
}