{
  "tombstone:adventure/neighborhood_brawl": {
    "criteria": {
      "coded_trigger": "2024-08-31 20:32:58 +0000"
    },
    "done": true
  },
  "alexsmobs:alexsmobs/emu": {
    "criteria": {
      "killed": "2024-08-31 20:00:49 +0000"
    },
    "done": true
  },
  "create:wrench_goggles": {
    "criteria": {
      "0": "2024-08-31 20:21:58 +0000",
      "1": "2024-08-31 20:15:49 +0000"
    },
    "done": true
  },
  "create:deployer": {
    "criteria": {
      "0": "2024-09-01 03:16:26 +0000"
    },
    "done": true
  },
  "farmersdelight:main/plant_all_crops": {
    "criteria": {
      "kelp": "2024-08-31 21:20:10 +0000",
      "sugar_cane": "2024-08-30 06:12:52 +0000"
    },
    "done": false
  },
  "farmersdelight:main/use_cutting_board": {
    "criteria": {
      "cutting_board": "2024-09-01 01:32:01 +0000"
    },
    "done": true
  },
  "grimoireofgaia:main/flesh_lich": {
    "criteria": {
      "kill": "2024-08-31 23:07:06 +0000"
    },
    "done": true
  },
  "tconstruct:tools/materials_and_you": {
    "criteria": {
      "crafted_book": "2024-08-30 05:00:34 +0000"
    },
    "done": true
  },
  "evilcraft:evil_source": {
    "criteria": {
      "criteria_0": "2024-08-31 22:48:17 +0000"
    },
    "done": true
  },
  "tconstruct:internal/starting_book": {
    "criteria": {
      "tick": "2024-08-30 05:00:34 +0000"
    },
    "done": true
  },
  "tombstone:adventure/ashes_and_bones": {
    "criteria": {
      "coded_trigger": "2024-08-31 20:40:35 +0000"
    },
    "done": true
  },
  "create:copper": {
    "criteria": {
      "0": "2024-08-31 23:59:09 +0000"
    },
    "done": true
  },
  "create:andesite_alloy": {
    "criteria": {
      "0": "2024-08-31 20:18:53 +0000"
    },
    "done": true
  },
  "create:mechanical_mixer": {
    "criteria": {
      "0": "2024-09-02 00:33:24 +0000"
    },
    "done": true
  },
  "create:water_wheel": {
    "criteria": {
      "0": "2024-08-31 20:13:23 +0000"
    },
    "done": true
  },
  "create:mechanical_press": {
    "criteria": {
      "0": "2024-08-31 20:26:35 +0000"
    },
    "done": true
  },
  "create:crafter_lazy_000": {
    "criteria": {
      "0": "2024-09-01 01:45:47 +0000"
    },
    "done": true
  },
  "mowziesmobs:sneak_grove": {
    "criteria": {
      "steal_crystal": "2024-08-31 21:24:14 +0000"
    },
    "done": true
  },
  "grimoireofgaia:main/orc": {
    "criteria": {
      "kill": "2024-09-01 23:32:56 +0000"
    },
    "done": true
  },
  "grimoireofgaia:main/ender_eye": {
    "criteria": {
      "kill": "2024-08-31 22:50:27 +0000"
    },
    "done": true
  },
  "evilcraft:first_age": {
    "criteria": {
      "criteria_0": "2024-08-30 05:49:04 +0000"
    },
    "done": true
  },
  "mowziesmobs:root": {
    "criteria": {
      "custom_test_name": "2024-08-30 05:00:34 +0000"
    },
    "done": true
  },
  "tombstone:adventure/cancel_ghostly_shape": {
    "criteria": {
      "coded_trigger": "2024-08-31 21:20:00 +0000"
    },
    "done": true
  },
  "create:mechanical_crafter": {
    "criteria": {
      "0": "2024-09-01 01:39:09 +0000"
    },
    "done": true
  },
  "create:funnel": {
    "criteria": {
      "0": "2024-09-01 02:53:23 +0000"
    },
    "done": true
  },
  "betterdungeons:all_dungeons": {
    "criteria": {
      "in_better_monster_room": "2024-08-31 22:48:07 +0000"
    },
    "done": false
  },
  "farmersdelight:main/get_fd_seed": {
    "criteria": {
      "rice": "2024-08-31 23:20:53 +0000"
    },
    "done": true
  },
  "grimoireofgaia:main/bone_knight": {
    "criteria": {
      "kill": "2024-08-31 22:43:29 +0000"
    },
    "done": true
  },
  "grimoireofgaia:main/cobblestone_golem": {
    "criteria": {
      "kill": "2024-09-02 00:06:41 +0000"
    },
    "done": true
  },
  "tombstone:adventure/root": {
    "criteria": {
      "auto": "2024-08-30 05:00:35 +0000"
    },
    "done": true
  },
  "create:compacting": {
    "criteria": {
      "0": "2024-08-31 20:33:51 +0000"
    },
    "done": true
  },
  "tombstone:adventure/bone_crusher": {
    "criteria": {
      "coded_trigger": "2024-08-31 22:57:07 +0000"
    },
    "done": true
  },
  "tombstone:adventure/find_grave_dust": {
    "criteria": {
      "from_undead": "2024-08-31 20:38:54 +0000"
    },
    "done": true
  },
  "minecraft:husbandry/balanced_diet": {
    "criteria": {
      "bread": "2024-08-31 19:59:47 +0000",
      "dried_kelp": "2024-09-02 00:24:29 +0000",
      "carrot": "2024-08-31 23:12:11 +0000"
    },
    "done": false
  },
  "tombstone:recipes/from_grave_key": {
    "criteria": {
      "has_ingredient": "2024-08-31 21:19:03 +0000"
    },
    "done": true
  },
  "create:chute": {
    "criteria": {
      "0": "2024-09-01 03:58:07 +0000"
    },
    "done": true
  },
  "create:brass": {
    "criteria": {
      "0": "2024-09-01 01:34:41 +0000"
    },
    "done": true
  },
  "grimoireofgaia:main/harpy": {
    "criteria": {
      "kill": "2024-08-30 05:17:57 +0000"
    },
    "done": true
  },
  "create:speed_controller": {
    "criteria": {
      "0": "2024-09-01 03:48:08 +0000"
    },
    "done": true
  },
  "grimoireofgaia:main/arachne": {
    "criteria": {
      "kill": "2024-08-31 22:57:32 +0000"
    },
    "done": true
  },
  "vampirism:hunter/betrayal": {
    "criteria": {
      "kill": "2024-08-31 21:25:39 +0000"
    },
    "done": false
  },
  "undead_unleashed:boo": {
    "criteria": {
      "boo": "2024-08-31 22:57:43 +0000"
    },
    "done": true
  },
  "twilightforest:beanstalk": {
    "criteria": {
      "beans": "2024-08-31 23:20:53 +0000"
    },
    "done": false
  },
  "minecraft:story/iron_tools": {
    "criteria": {
      "iron_pickaxe": "2024-08-31 23:54:27 +0000"
    },
    "done": true
  },
  "vampirism:main/root": {
    "criteria": {
      "main": "2024-08-31 21:21:35 +0000"
    },
    "done": true
  },
  "minecraft:story/root": {
    "criteria": {
      "crafting_table": "2024-08-30 05:40:30 +0000"
    },
    "done": true
  },
  "tombstone:adventure/first_grave": {
    "criteria": {
      "coded_trigger": "2024-08-31 21:19:02 +0000"
    },
    "done": true
  },
  "graveyard:graveyard/corruption": {
    "criteria": {
      "corruption": "2024-08-31 22:55:08 +0000"
    },
    "done": true
  },
  "tombstone:adventure/fortuitous_militia": {
    "criteria": {
      "coded_trigger": "2024-08-31 23:40:29 +0000"
    },
    "done": true
  },
  "create:precision_mechanism": {
    "criteria": {
      "0": "2024-09-01 03:22:43 +0000"
    },
    "done": true
  },
  "grimoireofgaia:main/mimic": {
    "criteria": {
      "kill": "2024-08-31 23:00:35 +0000"
    },
    "done": true
  },
  "betterdungeons:small_dungeon": {
    "criteria": {
      "in_better_monster_room": "2024-08-31 22:48:07 +0000"
    },
    "done": true
  },
  "graveyard:graveyard/kill_horde": {
    "criteria": {
      "kill_horde": "2024-09-02 00:06:34 +0000"
    },
    "done": true
  },
  "artifacts:amateur_archaeologist": {
    "criteria": {
      "find_artifact": "2024-08-30 05:21:40 +0000"
    },
    "done": true
  },
  "create:rose_quartz": {
    "criteria": {
      "0": "2024-09-01 01:33:12 +0000"
    },
    "done": true
  },
  "betterdungeons:root": {
    "criteria": {
      "always": "2024-08-30 05:00:34 +0000"
    },
    "done": true
  },
  "immersiveengineering:main/villager": {
    "criteria": {
      "meet_electrician": "2024-08-31 21:27:01 +0000"
    },
    "done": true
  },
  "evilcraft:second_age": {
    "criteria": {
      "criteria_0": "2024-08-31 23:39:43 +0000"
    },
    "done": true
  },
  "minecraft:adventure/kill_a_mob": {
    "criteria": {
      "minecraft:skeleton": "2024-08-30 05:18:15 +0000"
    },
    "done": true
  },
  "create:millstone": {
    "criteria": {
      "0": "2024-08-31 21:07:22 +0000"
    },
    "done": true
  },
  "takesapillage:root": {
    "criteria": {
      "always": "2024-08-30 05:00:34 +0000"
    },
    "done": true
  },
  "grimoireofgaia:main/shaman": {
    "criteria": {
      "kill": "2024-09-02 00:02:29 +0000"
    },
    "done": true
  },
  "minecraft:story/obtain_armor": {
    "criteria": {
      "iron_leggings": "2024-08-30 05:33:48 +0000"
    },
    "done": true
  },
  "tombstone:recipes/from_grave_dust": {
    "criteria": {
      "has_ingredient": "2024-08-31 20:38:54 +0000"
    },
    "done": true
  },
  "minecraft:story/mine_stone": {
    "criteria": {
      "get_stone": "2024-08-30 06:30:40 +0000"
    },
    "done": true
  },
  "deeperdarker:main/kill_all_sculk_mobs": {
    "criteria": {
      "phantom": "2024-08-31 20:17:04 +0000"
    },
    "done": false
  },
  "create:crushing_wheel": {
    "criteria": {
      "0": "2024-09-01 02:01:04 +0000"
    },
    "done": true
  },
  "dungeons_arise:find_illager_campsite": {
    "criteria": {
      "location0": "2024-08-30 05:06:32 +0000"
    },
    "done": true
  },
  "undead_unleashed:shards_of_the_past": {
    "criteria": {
      "shards_of_the_past": "2024-08-30 05:18:17 +0000"
    },
    "done": true
  },
  "minecraft:adventure/adventuring_time": {
    "criteria": {
      "minecraft:birch_forest": "2024-08-31 21:13:20 +0000",
      "minecraft:windswept_hills": "2024-08-30 05:00:35 +0000",
      "minecraft:beach": "2024-08-31 21:14:07 +0000",
      "minecraft:sparse_jungle": "2024-08-30 05:34:11 +0000",
      "minecraft:dripstone_caves": "2024-08-31 22:47:18 +0000",
      "minecraft:forest": "2024-08-30 05:02:31 +0000",
      "minecraft:ocean": "2024-08-31 21:14:33 +0000",
      "minecraft:old_growth_birch_forest": "2024-08-31 21:13:19 +0000",
      "minecraft:savanna": "2024-08-30 05:01:20 +0000",
      "minecraft:plains": "2024-08-30 05:03:48 +0000"
    },
    "done": false
  },
  "create:andesite_casing": {
    "criteria": {
      "0": "2024-08-31 20:18:56 +0000"
    },
    "done": true
  },
  "tombstone:adventure/strong_or_careful": {
    "criteria": {
      "coded_trigger": "2024-08-31 21:19:02 +0000"
    },
    "done": true
  },
  "minecraft:adventure/sleep_in_bed": {
    "criteria": {
      "slept_in_bed": "2024-08-30 05:38:00 +0000"
    },
    "done": true
  },
  "undead_unleashed:undead_unleashed": {
    "criteria": {
      "undead_unleashed": "2024-08-30 05:00:34 +0000"
    },
    "done": true
  },
  "minecraft:story/lava_bucket": {
    "criteria": {
      "lava_bucket": "2024-08-31 20:31:38 +0000"
    },
    "done": true
  },
  "minecraft:husbandry/root": {
    "criteria": {
      "consumed_item": "2024-08-31 19:59:47 +0000"
    },
    "done": true
  },
  "immersiveengineering:main/craft_hammer": {
    "criteria": {
      "has_item": "2024-08-31 23:26:53 +0000"
    },
    "done": true
  },
  "grimoireofgaia:main/minotaurus": {
    "criteria": {
      "kill": "2024-08-31 22:33:40 +0000"
    },
    "done": true
  },
  "farmersdelight:main/get_rich_soil": {
    "criteria": {
      "get_rich_soil": "2024-09-02 00:01:18 +0000"
    },
    "done": true
  },
  "tconstruct:world/slime_collector": {
    "criteria": {
      "earth": "2024-08-30 05:33:54 +0000"
    },
    "done": false
  },
  "create:shifting_gears": {
    "criteria": {
      "0": "2024-08-31 20:20:40 +0000"
    },
    "done": true
  },
  "minecraft:adventure/root": {
    "criteria": {
      "killed_something": "2024-08-30 05:11:32 +0000"
    },
    "done": true
  },
  "grimoireofgaia:main/creep": {
    "criteria": {
      "kill": "2024-08-31 22:56:43 +0000"
    },
    "done": true
  },
  "farmersdelight:main/root": {
    "criteria": {
      "seeds": "2024-08-30 05:00:34 +0000"
    },
    "done": true
  },
  "graveyard:graveyard/kill_graveyard_mob": {
    "criteria": {
      "ghoul": "2024-09-02 00:05:16 +0000"
    },
    "done": true
  },
  "tombstone:adventure/village_defender": {
    "criteria": {
      "coded_trigger": "2024-09-01 02:13:23 +0000"
    },
    "done": true
  },
  "minecraft:adventure/kill_all_mobs": {
    "criteria": {
      "minecraft:pillager": "2024-09-01 01:50:42 +0000",
      "minecraft:skeleton": "2024-08-30 05:18:15 +0000",
      "minecraft:spider": "2024-08-31 21:20:00 +0000",
      "minecraft:creeper": "2024-08-31 22:35:53 +0000",
      "minecraft:phantom": "2024-08-31 20:17:04 +0000",
      "minecraft:witch": "2024-09-01 00:20:23 +0000",
      "minecraft:cave_spider": "2024-08-31 22:57:39 +0000",
      "minecraft:enderman": "2024-08-31 22:58:50 +0000",
      "minecraft:zombie": "2024-08-31 20:00:41 +0000",
      "minecraft:zombie_villager": "2024-08-31 23:13:00 +0000"
    },
    "done": false
  },
  "evilcraft:root": {
    "criteria": {
      "criteria_0": "2024-08-30 05:49:04 +0000"
    },
    "done": true
  },
  "mowziesmobs:kill_umvuthi": {
    "criteria": {
      "barako": "2024-08-31 21:24:19 +0000"
    },
    "done": true
  },
  "dungeons_arise:wda_root": {
    "criteria": {
      "WDA": "2024-08-30 05:00:34 +0000"
    },
    "done": true
  },
  "tombstone:adventure/choose_knowledge": {
    "criteria": {
      "coded_trigger": "2024-08-31 20:28:23 +0000"
    },
    "done": true
  },
  "grimoireofgaia:main/root": {
    "criteria": {
      "join": "2024-08-30 05:00:34 +0000"
    },
    "done": true
  },
  "create:encased_fan": {
    "criteria": {
      "0": "2024-09-01 03:44:35 +0000"
    },
    "done": true
  },
  "farmersdelight:main/place_campfire": {
    "criteria": {
      "campfire": "2024-09-02 01:11:02 +0000"
    },
    "done": true
  },
  "minecraft:adventure/voluntary_exile": {
    "criteria": {
      "voluntary_exile": "2024-09-01 01:50:42 +0000"
    },
    "done": true
  },
  "create:root": {
    "criteria": {
      "0": "2024-08-30 05:00:34 +0000"
    },
    "done": true
  },
  "minecraft:story/mine_diamond": {
    "criteria": {
      "diamond": "2024-08-30 05:44:53 +0000"
    },
    "done": true
  },
  "tombstone:adventure/first_knowledge": {
    "criteria": {
      "coded_trigger": "2024-08-31 20:17:04 +0000"
    },
    "done": true
  },
  "minecraft:story/upgrade_tools": {
    "criteria": {
      "stone_pickaxe": "2024-08-31 23:04:23 +0000"
    },
    "done": true
  },
  "create:fan_processing": {
    "criteria": {
      "0": "2024-09-01 04:46:44 +0000"
    },
    "done": true
  },
  "minecraft:story/smelt_iron": {
    "criteria": {
      "iron": "2024-08-31 20:03:58 +0000"
    },
    "done": true
  },
  "create:belt": {
    "criteria": {
      "0": "2024-08-31 22:13:20 +0000"
    },
    "done": true
  },
  "create:brass_casing": {
    "criteria": {
      "0": "2024-09-01 01:35:41 +0000"
    },
    "done": true
  },
  "undead_unleashed:nerves_of_steel": {
    "criteria": {
      "nerves_of_steel": "2024-09-01 05:28:23 +0000"
    },
    "done": true
  },
  "twilightforest:giants": {
    "criteria": {
      "pickaxe": "2024-08-31 23:20:53 +0000"
    },
    "done": false
  },
  "tombstone:adventure/ambush": {
    "criteria": {
      "coded_trigger": "2024-08-31 20:17:04 +0000"
    },
    "done": true
  },
  "DataVersion": 3120
}